013000101
100001343
100001718
100009360
100009670
100011152
100013376
100016642
1000168-2
10001763-0
100020666
100034225
100036996
10003876X
100042910
100050395
100051960
100052517
100056083
100057845
100061737
100061753
100062350
100067018
100080596
100082505
100085725
100087345
10008860-0
100093876
100108296
10011640X
100121381
100122434
100123406
100123848
100123910
100123953
100130402
10014313X
100146694
10015056X
100150853
100151310
100158463
100160026
100162258
100162371
100162878
100166326
100169252
10017003X
100178405
10018006X
100180930
100183417
100185657
100187811
100188540
10018863X
100190014
10019026X
100191754
100197000
100200850
1002024-X
100203604
100211070
100213413
100216447
100217281
100219756
100222838
100223559
1002250-8
100227414
100227627
100228003
100229573
100230792
100231144
100232469
100232736
100233791
100234526
100242146
100251277
100255701
100257593
100257712
10026008X
100260853
100261310
100261779
100262554
100269680
100279996
100289614
100294871
10029569X
100300359
10030186X
100303854
10030396X
100308023
100309658
100309674
100310923
100315399
100317219
100318371
100325947
100327095
100329632
100333230
100339743
100340520
100345557
100352677
100353231
100354572
10035565-1
100356486
100356877
100359183
100364853
100365728
10036666X
100367712
100370896
100378927
100379591
100380492
100381464
100400159
100402127
100405479
100416993
100422004
100425151
100436811
100437397
100443893
100444350
100446051
100455840
100470106
100479111
100486665
100487483
100489915
100491472
100492355
10049773X
100504787
100511570
100513905
100514820
100526888
100527736
100527922
100533817
10053595X
100538959
100539955
10055590X
100570984
100576869
1006049-2
100611486
100614426
100615104
10062247X
1006253-1
100625797
100636160
100636438
100648517
100672302
10067965X
100680283
100687741
100689590
100692427
10069859X
100701329
10070333X
100704018
100704743
100706460
100713068
100733417
100761070
100765483
10076892X
1007827-7
100785301
100790615
100792553
100793118
100793215
100794548
100796532
100798772
100798802
100801897
100801919
100803822
100804500
100804691
100804810
100805949
100809766
100813283
100813984
100816525
100816703
10081736X
100823548
100824137
10082451X
100824544
100824714
100826520
100833330
100835155
100836526
100836631
100837050
100839797
100842453
100844995
100853617
100859038
10096915-X
1009716-8
100975127
1010049-0
101007183
101008090
101026641
1010319-3
101046588
101049692
10105128X
101052871
101056583
101061935
101063857
101064101
101066538
101069456
1010735-6
101076614
101078129
101078994
101086245
1010938-9
101110464
101112327
101116659
101119046
101129017
101134339
101134541
10114606X
101154240
101160097
101196997
101211031
1012128008
1012181685
101222548
101225091
1012283216
1012284948
1012291804
1012292150
101235690
1012365336
101238630
101250630
101256493
101263112
101264631
101265956
101273037
1012943674
1012974340
101304153
101305869
10130921X
101311974
101315872
101320566
1013295692
101339445
101343957
101344376
101344791
101363184
101365632
1013774655
101379552
1013804287
101384327
101402023
10140512X
101415362
1014190746
101422911
10142471X
101427050
101430671
101452586
101454643
101459335
101459734
101472447
101488769
101488971
1014897513
1015337546
1015440223
101548056X
101562071
10157813X
1015784372
101580533
1016097247
1016161638
101630077
101668066
101668139
1016706-7
101676948
101681453
1016865-5
1016884176
101695268
101708122
101710445
101712561
1017238421
101740743
1017589275
101765479
101769822
101780591
101784139
1017908249
101792492
101793634
1017964866
10179777X
1017991723
1017997438
101800033X
10181-3
1018158936
101840926
1018474048
101854609
101860161
101868650
101912331
101916957
101924526
101930798
1019352620
101942230
1019684615
1019705779
102000417
102008620
102012121
102023778
102027013
102034869
1020419741
1020478195
1020624825
102097984
102104395
102109109
102109117
10210915X
10211109X
10211790X
102119686
102128065
102143293
102157812
1021753750
102181519
102183201
102199191
1022060-4
102207240
102223262
1022303-4
10223244X
1022364006
10225902X
1023019728
1023146347
1023185881
102341214
102341435
102348049
1023501635
102359849
102362467
1023744767
102377510
102411034
102415161
102417350
1024258076
1024258351
1024283623
10242876X
1024398021
102445052
1024464431
102447705
102448523
102458561
102459355X
1024714586
102478929
102480656
1024857271
10248757X
102490899
1024919730
102499004
102506094
102507325
1025096487
1025122062
102512752
102512809
1025148-0
10251643X
1025167570
102530750
102532907
102534799
1025390180
102548781
102571988
102599572
102601984
1026055040
1026065917
1026278791
1026356865
102642885
102672371X
1026802245
102689180
1027080391
1027138322
1027345832
1027662250
1027786200
102787484
1027971938
1028234902
102832757
1028426488
102842736
102845727
102851379
1028691955
102891893
1028952473
1029448752
1030053243
1030077983
1030078602
1030128340
1030515697
1030563187
103056356X
103059807X
103063625
103084053
103092889
103120653
103131620
103134093
1031392432
103148272
103157697
10315812X
103229574
1032916605
103311556
1033347469
1033424900
1034037684
103435727
103473864X
10350964-1
1035100150
1035125900
1035329182
103537966X
1035383667
10354835-X
1035804395
10364445-3
1036715973
103679871
1036856852
1037230779
1037236807
1037480872
1037506-5
1037536010
1037537823
1037554027
1037555740
1037558243
103776206
1037902351
10379428X
103797998
103805850
1038087457
1038102421
103815740
103816763
10381714X
103827293
1038435269
103848428
103858725
103901396
10390400X
103907300
103920307
10393278X
103932798
103936319
103951164
103959874
10400715X
104013516
104015403
104039728
104044934
104045213
104047712
104047720
104057440
104059486
104062886
104064242
104066547
104066822
104070382
104073446
104073926
104075945
104076534
104076550
104080485
104080892
10408359X
104085606
104086289
104086424
104089245
10409818X
104103493
104103701
104105100
104106344
104106549
104106670
104108312
104108991
104110406
104112913
104113650
104114843
104117672
104119780
104122021
104124415
104125489
104130792
104132280
104135034
104136308
104136391
104137320
104137657
104137789
104152729
104155302
104156023
104160055
104160268
104161051
104161566
10416476X
10416588X
104166789
1041725221
104173254
104174552
104177144
104182156
10418342X
104194553
104194847
104196254
104196734
104201282
104206675
104207434
10421113X
104211350
104217774
104221852
104222891
10422424X
104224347
104225564
104226544
104227737
104228644
104234644
10423489X
104235012
104241462
104244666
104244720
104245565
10425534X
104255714
10425582X
104256788
104258810
104262796
104264454
104264799
104264861
104264950
104265256
104265264
104268069
104268107
104268190
104268336
104270500
104270608
104273496
10427378X
104273844
104273879
104274034
104274077
104274093
104274182
104274212
10427459X
104274654
10427557X
104277378
10427882X
104279826
104286083
104286636
104288639
104292369
104292687
1042934460
104294523
104295139
104295937
104298642
1043022910
104302879
104303182
104303778
10430409X
104304219
104307196
104308966
104311258
104311339
104317914
104324643
104325011
104327952
104329939
1043299580
104331151
104333251
104335262
104340770
104345462
104347023
104351578
104352531
10435528X
104355573
104356480
104356774
104361670
10436193X
104364793
104365838
104366087
104366508
104367709
104373970
10437571X
10437716X
10438008X
1044648244
1045484091
1046252763
1046349112
1046391844
104680148
104721749X
104750219
104794585
1048162400
1048553930
104921250
104936592
1050327-4
105058548
1051385660
1051526663
105268798
1052842577
1052853226
1052884458
1053236468
1054070-2
105464694
1055088830
1055160558
1055241388
1055255044
1055293175
1055299130
105531086X
1055316310
1055367381
1055450017
1055687505
105702435X
105756950X
1057656321
1057668141
1058716204
106064274
106110639X
106428411
106467379
1064759130
1065687400
1065766688
1065824440
1066329613
106706950
1067935428
1068012927
10681267X
106846078
1069205044
10692981X
1069444197
1069890855
107017156
107024640
107091536X
1071009281
107113597
1072435071
1072939487
1072948222
1072956233
1073345637
1073356124
1073386392
1073458946
1073459470
1073466833
1073468097
1073471128
1073471993
1073478653
1073492060
1073509761
107370107
1073858154
107394456
107399644
107413531
1074705394
107494604
107504774
107521695
1075549396
107562278
107656027
107676176
107704129
1077213638
1077610955
1078009503
1078125651
107815389
107830566
107849666
107860333
1078784434
1078854319
107892758
1078928258
107927160
1079298045
10807949X
1081088745
1081209-X
108160491
1082001503
1082356204
1082511994
1083287087
108422771
108426750
108455300
1084800756
1085075-2
1085132811
108549720
1085806677
1086246403
1086355024
108811905
1088875335
1089183267
1089445598
1089544758
1089787898
1089835493
109059891
109482263
109522354
1095673300
109579521X
1095805355
1097760065
1099570-5
109958721
1099753-2
1100723935
1100737804
1100885935
1100888470
1101466480
1101705698
1102159859
1102186759
1102197270
110412954X
110562399
1106355814
110700805
1107612926
110878-5
111079942
1111809178
1111813183
111200385
111333-1
1113538104
1115252879
111571332
1115864726
1116030179
1118384512
1118730429
1118877128
11192975X
1121029272
1121307280
1121925405
112299-X
112378-6
1124262903
1124907300
1125554169
1125652195
112627013
113024816X
1130707814
1131171322
1132096162
1132202345
1132622913
113444532
1135276765
113624-0
113665946
113666691
113667949
1137513241
1137836814
113816626
113820-0
1139518607
114077290
114141991
114172281X
1143241215
114331-1
114379408
1144312930
1144378087
1145049397
1145050670
1145739369
114598925X
1146563329
1146848730
114714124X
1147385904
1147490740
114888116
114913579
114925925
1150451033
1150518790
1150725842
1150856173
1150971002
115102949
1151575690
115157631X
1152388746
115255451
115341056
115341080
115341137
11534120X
115341307
115341927
115357742
115358471
115358684
115360166
115362320
115363556
115363688
115367861
115367918
115368302
115368361
115373276
115373675
115377255
1153781727
115378634
115411925
115414029
115423869
115429085
1154309576
115431241
115437371
115442154
115447881
115452761
115460950
11548048X
115502572
115503765
115521445
115526641
115526889
115528059
115528458
115532382
115534873
115535837
11553668X
115536752
115544569
115548270
115548459
115549331
1155506960
115553444
115553487
115555862
11557039X
115570578
1155735013
115579117
115598820
115599649
115600701
115602445
115612807
115625011
115628037
115629831
115637893
115643141
115643591
115644768
115648429
115650938
11565108X
115652523
11565352X
115653724
11565416X
115661522
115664823
115667199
115670564
115670645
115673407
115676732
115683070
115688684
115689281
115695095
115699805
115736131
11574908X
115749446
115752102
11575220X
115752218
115752870
115753923
115754504
115754733
1157572308
115758240
115769307
1157710042
1157872247
1157920764
115795588
115804129
115809368
115819673
115833706
115834168
115844430
115847545
115858156
115864806
115870113
115870393
115870679
115870741
1158737777
1159011702
1159727295
115983-5
116000287
116000309
116000767
116000791
116001003
116001380
116002042
116002050
11600245X
116002662
116002921
116003103
116003146
1160040052
116004347
116005149
116005157
116005343
116005351
116005912
116005947
116006048
116006102
116006234
11600634X
116006374
116006420
116006676
116006927
116007605
116007931
116008059
116008482
116008512
116008563
116009047
116009578
116009810
116010223
11601055X
116010991
116011025
11601122X
11601153X
116011564
116011661
116011696
116011947
116012048
116012218
116012358
116012374
116012390
116012552
116013362
116014075
116014202
11601444X
116014466
11601461X
11601525X
116015675
116015683
116016264
116016426
116016442
116016671
11601847X
116018658
116018852
116019883
116019948
116020415
116020776
116020962
116020970
116021004
116021012
116021217
116021314
116021365
116021454
116021705
116021918
116021950
11602223X
116023260
116023481
116023961
116023988
116024097
116024895
116025395
116025409
11602545X
116025816
116025891
116026146
116026685
116026812
116027002
116027681
11602769X
116028459
116028726
116029226
116029242
116029447
116029579
116029609
116029714
11603033X
116030372
116030534
116031158
116031298
116031328
116031433
116031522
116031603
116031778
116031883
116032383
116032480
116032529
116033274
116033622
116034122
116034580
116034912
11603498X
116035048
116035293
116035382
116035676
116035803
116036087
116036346
116036427
116036702
116036842
11603713X
116037229
11603727X
116037555
11603792X
116038179
116038330
116038586
116038608
116039140
116040734
116040920
116041048
116041153
116041625
116041994
11604277X
116043474
11604375X
116043776
116044373
116044381
116044640
116045469
116045655
116045949
116046163
116046430
116046554
116046589
116046708
116047046
116047127
116047364
116047437
116047607
116047771
116047860
116047917
116047933
116048174
116048263
116048611
116048638
116048905
116049146
11604926X
116049685
116050004
116050349
116050667
116050748
116050861
116051124
116051558
116051582
116051620
116051639
116051760
116051795
1160519870
116052031
116052104
116052538
116052821
11605283X
116052856
116052953
116053062
116053259
116053380
116053402
116053585
116053887
116053925
116054018
116054670
116055200
116055448
11605610X
116056312
116056487
116056622
116056630
116056789
116056908
116056991
116057114
116057262
116057319
116057378
116057394
116057408
116057416
116057548
116057564
116057610
116057645
116057688
116058013
116058048
116058250
116058463
116059419
116059427
116059443
11605946X
11605963X
116059842
116059885
116059907
116059923
116060182
116060301
116061073
116061618
116061677
116062029
116062126
116062150
116062207
116062215
116062274
11606238X
11606241X
116062460
116062509
11606255X
116062681
116062711
116062797
116062800
116062819
116062916
116062975
11606322X
116063319
116063599
116063831
116063882
116063904
11606448X
116064544
116064684
116065052
116066083
116066415
116066652
116066660
116066687
116066814
116067128
116067225
116067543
116068272
116068388
116068418
116068426
116068590
116068612
116068809
116068876
116068914
116068957
11606904X
116069074
116069244
116069341
116069422
116069449
116070323
11607079X
116070803
116070951
116071559
116071613
116071729
116071745
116071842
116072563
116072865
116072954
116073349
116073373
116073411
116073489
116074701
116074736
116074833
116074841
116074868
116075031
11607535X
116075392
116075414
116075430
116075449
116075651
116075767
116076070
116076151
116076267
116076321
116076372
116076801
116077395
116077492
116077565
116077611
116078073
116078871
116078901
116079207
11607924X
116079258
116079460
116079495
116079533
116079576
116079614
116079673
11607969X
116080094
116080205
116080817
116081201
116081325
116081384
116081910
116081929
116081953
116082534
116082593
11608281X
116082925
11608300X
116083212
116083301
116083476
116083514
116083719
11608376X
11608393X
116083980
116084014
116084022
116084367
11608443X
116084642
116084650
116084766
116084928
116085037
116085053
116085193
116085207
116085274
116085290
116085320
116085614
11608586X
116085886
116085908
116085916
116085959
116086246
116086483
116086610
116086718
116086726
116087021
116087072
116087188
116087625
116087994
116088257
11608829X
116088397
116088486
116088524
116088761
11608894X
116089121
116089199
116089539
116089725
116089768
116089989
116089997
11609057X
116090855
116090871
116091177
116091231
116091266
116091282
116091509
116091517
116091568
116091614
11609169X
116091827
116091940
116091991
116092440
116092521
116092661
11609270X
116092734
116092769
116092858
116092947
116093013
116093137
116093196
116093293
116093455
116093498
116093587
116093773
11609379X
116093838
116093897
116094001
116094133
116094273
116094400
116095075
116095261
116095679
116095997
116096233
116096276
116096349
116096438
116096462
116096497
116096535
11609673X
11609687X
116096926
116096977
116097051
116097108
116097280
116097337
116097426
116097450
116097515
116097663
11609768X
116097701
116097825
116097965
116097981
116098023
116098058
116098082
116098104
116098309
11609835X
116099143
116099429
116099518
116099666
116099712
116099828
116099836
116099968
116100028
116100036
116100060
116100249
11610029X
116100303
116100478
11610063X
116100753
116100818
116100842
116101075
116101237
116101423
116101431
11610158X
116101717
116101849
116101857
116101873
116101989
116102063
116102225
11610225X
116102292
116102306
116102381
11610239X
116102403
116102411
116102489
116102500
116102551
116102608
116102616
116102691
116102748
116102985
116103078
116103272
11610368X
116103736
116103752
116103779
116103817
11610399X
116104392
116104430
116104457
116104635
11610466X
11610483X
116104910
116104988
116105011
116105054
116105062
116105410
116105534
116105593
116105674
116105844
116105852
116105879
116106093
116106166
116106298
116106379
116106409
116106425
116106433
116106743
116106832
116106867
116106913
116107324
116107405
116107413
116107421
116107782
116107804
116107820
116107839
116108002
116108045
116108118
116108126
116108185
116108258
11610838X
116108401
11610855X
116108606
116108649
116108851
116108886
116108940
116108991
116109041
11610905X
116109106
11610919X
116109319
116109491
116109580
116109645
116109653
116109718
116109823
116109866
116109904
11611021X
116110287
116110465
116110481
116110546
116110686
116110929
116111070
116111283
116111356
116111607
116111682
116111828
116111852
116111879
116111887
116112093
11611276X
116112816
116113073
116113227
116113235
116113472
116113685
116113820
116113944
116114088
116114142
116114185
116114541
116114592
116114606
116114630
116114657
116114673
116114711
116114797
116114983
116115033
11611519X
116115440
116115483
116115521
116115653
116115769
116115777
116116072
116116137
116116889
116116900
116117427
116117478
116117567
116117575
11611763X
116117680
116117788
11611780X
116117826
116118156
116118210
116118261
11611827X
116118458
116118504
116118547
116119225
116119578
116119837
116119934
116119942
116119985
116120053
116120193
116120363
116120495
116120517
116120568
116120762
116120789
116120797
116120851
116120967
116121106
116121157
116121963
116122064
11612234X
116122404
116122420
116122595
116122897
11612363X
116123907
116124075
116124393
116124504
116124652
116124660
116124725
116124733
116124741
116124806
116124946
116124962
116124970
116125004
116125071
11612508X
116125446
116125772
116126582
116126698
116126701
116127805
11612783X
116128194
116128232
116128275
11612833X
116128429
116128453
116128550
116128577
116128771
116128879
116128887
116128992
116129085
116129174
116129190
116129573
116129875
11613027X
116130393
116130865
116131845
116132043
116132051
116132655
116132833
116133147
116133716
116133805
116133872
116133910
116134011
116134054
116134070
116134429
116134445
116134488
116134577
116134631
116134690
116134712
116134747
116134771
11613481X
116134909
116134925
116135042
116135204
116135220
116135247
116135301
116135328
116135360
116135549
116135565
116135603
116135689
116135727
116135735
116135786
116135794
116135816
116135824
116135875
116135948
116135964
116136138
116136324
116136375
116136391
116136405
116136545
11613657X
116136596
116136693
11613674X
116136766
116136782
116136936
116136979
116137010
116137126
11613724X
116137258
116137304
116137312
116137371
116138238
116138262
116138319
116138327
116138335
11613853X
116138696
11613870X
116138718
116138904
116139579
116139587
116139846
116140135
116140291
116140348
116140364
116140488
116140909
116140976
116141123
116141654
116141921
116142014
116142391
116142421
116142464
116142472
116142529
116142731
116142855
11614288X
116142952
116143142
116143266
116143533
11614355X
116143665
116143835
116143932
116143959
116144017
116144394
116144521
116144963
116146095
116146249
116146346
116146362
116146516
116146524
116146532
116146567
11614663X
11614677X
116146842
116146850
116147067
116147121
11614730X
116147415
116147466
116147601
116147628
116147644
116147695
11614775X
116147784
116147849
116147881
116147903
116147989
116148039
116148047
116148217
116148268
116148357
116148365
11614887X
116149051
116149205
11614923X
116149396
11614968X
116150017
116150823
11615215X
116152311
11615232X
116152338
116152990
11615327X
116153512
116153687
116153903
116154888
116155221
116155299
116155337
116155558
116155582
116155612
116155795
116155809
116155833
116155868
116155876
116155981
11615599X
116156155
116156163
116156287
116157054
11615750X
116157909
116157933
116158204
116158220
116158573
11615859X
116158875
116158905
116159081
116159138
116159464
11615960X
116159863
116159952
116160012
116160071
116160128
116160136
116160225
116160314
116160357
116160381
11616039X
116160438
116160713
116160756
116160837
116160853
116160888
116160977
116161086
116161132
116161221
116161396
116161469
116161493
11616154X
116161620
11616168X
116161795
116161965
116162368
116162465
116162473
116162481
116162627
116162643
116162872
116163127
116163542
116163682
116163828
116163836
116163852
116163860
116164077
116164158
116164190
116164220
116164271
116164409
116164468
116164603
116164727
116164743
116164859
116165278
116165332
116165367
116165383
116165685
116166754
116166835
116166916
116167068
116167149
116167211
11616722X
116167238
116167343
116167505
116167572
116167580
116167599
116167785
116167874
116167890
116167912
116168080
116168110
116168129
116168587
116168706
116168773
116168862
11616932X
116169370
116169699
116170255
116170271
11617028X
11617062X
116170654
116170905
116171359
116171413
116171693
116171723
116172053
116172096
116172126
116172789
116173041
116173068
116173114
116173181
116173254
116173327
116173378
116173424
116173440
116173556
116173564
116173661
116173696
116173807
116173858
116173947
116174013
116174102
116174196
116174285
116174323
116174382
116174501
116174536
116174617
116174706
116174986
116175591
116175648
116175699
116175702
116175907
116176288
11617630X
116176326
116176342
116176423
116176628
116176822
116176849
116176873
116176970
116177411
116178078
116178116
116178183
116178221
116178337
116178434
116178663
116178760
116178825
116178892
116179104
116179147
116179198
116179201
116179279
116179295
116179341
116179384
116179740
116180064
11618020X
116180277
116180951
116181672
116182172
116182288
116182563
116182776
116183241
11618339X
116183470
116183772
116184191
116184310
116184353
116184426
116184477
116184655
11618468X
116184698
116184736
116184779
116184787
116184809
116184833
11618485X
116184892
11618499X
116185155
116185198
116185333
116185430
116185457
116185465
116185600
116185848
116185880
116185910
116185953
116186011
116186224
116186402
11618647X
116186682
116186801
116186909
116186917
116186933
116187042
116187107
116187352
116187670
11618793X
116188561
116188723
116188790
116189169
11618941X
116189452
116189495
116189649
116189703
116189711
116189770
116189843
116190191
116191171
116191457
116191503
116191546
116191791
116191813
116191880
11619202X
116192054
116192321
116192550
116192593
116192739
116192763
11619281X
116192925
116192976
116193018
116193115
116193123
116193476
116193581
116193603
116193670
116193735
116193743
116194111
116194197
116194235
116194324
116194901
116194928
116195096
11619510X
116195185
116195312
116195355
116195657
116195754
116195797
116195800
116195894
116196246
116196955
116197870
116197889
116198095
116198257
116198362
116198427
11619863X
116198877
116198958
116199164
116199245
116199253
116199490
116199644
116199660
11619989X
11620026X
116200790
116200863
116201185
116201304
116201371
116201681
116201886
116201932
116202335
116202440
116202890
116202904
116202920
116203099
11620317X
116203234
116203307
116203323
116203358
116203390
116203587
116203617
116203633
11620365X
116203757
116204087
116204109
116204168
116204249
11620429X
116204311
116204346
116204443
116204486
116204672
116204702
116205113
116205164
116205199
116205318
116205431
116205490
116205539
116205814
116205822
116205849
116205989
116206047
116206500
116206640
116207388
116207442
116207493
116207620
116207655
116207760
116207965
116208147
116208155
116208279
116208392
116208503
116208740
116208945
11620902X
116209143
116209321
116209429
116209488
116209518
116209666
116209690
116209909
116210184
116210206
116210788
116210826
11621130X
116211490
116211547
116211849
116211911
116212012
116212055
116212128
116212349
116212683
116212810
116212845
116212918
116213035
116213515
116213841
11621421X
116214228
116214279
116214694
116215119
116215305
116215372
116215771
116216069
116216077
116216301
116216328
116216387
116216409
116216565
116216859
116216875
116216891
116216905
11621693X
116216948
116216964
116217014
116217049
116217103
116217189
116217359
116217545
116217685
116217804
116217855
116218150
116218177
116218185
116218193
116218401
116218428
116219033
116219092
116219173
116219319
116219386
116219424
116219580
116219807
116220449
116220473
11622052X
116220562
116220856
116220937
116220945
11622097X
116220996
116221259
116221267
116221364
116221461
116221615
11622164X
116221798
116221828
116221909
116222212
116222395
116222409
116222484
116222654
116222689
116223057
116223278
116223332
116223375
116223464
116223715
116223820
116223979
116223995
11622486X
116225467
116226005
116226110
11622620X
116226390
11622651X
116226587
116226609
116226765
116226900
116227206
116227540
116227761
116228024
116228040
116228202
116228504
116228571
116228660
116229071
116230002
11623010X
116230150
116230193
116230541
116231017
116231246
116231327
116231424
116231661
116232250
116232323
116232412
11623265X
116232951
11623332X
116233346
116233370
11623346X
116233893
116233907
116233958
116234075
116234385
116234679
11623475X
116235160
11623539X
116235470
116235489
116235624
116235853
11623590X
116235950
116235977
116235985
116236051
116236116
116236183
11623640X
116236566
116236612
116236701
116236892
116236973
116237244
116237309
116237317
116237333
116237414
116237465
116237538
116237546
116237554
116237597
116237643
116237651
11623766X
116237708
116237775
116237783
116237937
116237996
116238062
116238127
116238135
116238232
116238259
116238275
116238577
116238593
116238607
116238623
116238666
116238909
116239131
116239190
116239204
116239212
116239220
11623931X
116239913
116239999
116240075
11624013X
116240164
116240393
116240792
116241624
116241632
116241683
11624173X
116241772
116241861
11624187X
116242175
116242396
116242523
116242574
116242736
116242833
116242892
116243163
116243252
116243287
116243333
116243422
116243511
11624352X
116243627
116243686
116243716
116243791
116243961
116244100
116244607
116244658
1162446757
11624481X
116245131
116245255
116245409
116245417
116245476
116245654
116245948
116246138
116246170
116246278
116246448
116246456
11624707X
116247215
116247258
116247282
116247304
116247339
116247347
116247363
11624738X
116247401
116247428
116247452
116247487
116247517
116247592
116247606
116247622
116247673
116247681
11624769X
116247916
116247983
116248246
116248394
116248408
116248599
11624870X
116248718
116248742
116248785
116248815
116248904
116249080
116249412
116249471
11624951X
116250011
116250062
116250291
116250372
116250437
116250488
116250836
116250879
11625100X
116251549
11625159X
116251654
116251670
116251816
116251883
116251913
116251956
116252022
116252049
116252073
11625212X
116252200
116252278
116252294
116252308
116252332
116252359
116252553
116252596
116252715
116252871
11625288X
116252944
116253037
116253061
11625307X
116253142
116253177
116253185
116253215
116253274
116253312
116253479
116253606
116253614
11625369X
116254114
116254343
116254432
116254645
116254661
11625470X
116254718
116254912
116255102
116255110
116255137
116255161
116255315
116255323
116255447
116255536
116255625
116255676
116255773
116255838
116255927
116256079
116256125
116256222
116256230
116256397
116256427
116256478
116256680
116256893
116256931
116256974
116257105
11625713X
116257318
116257431
116257520
116257733
116258632
116258659
116258721
116258780
116258861
116259361
116259485
116259493
116259752
116259779
116259795
116259876
116260297
116260386
116260491
116260564
116260572
116260661
116260696
116260807
116260912
116260947
116261072
116261099
11626120X
116261277
116261323
116261781
116261919
116261986
116262001
116262028
116262141
116262370
116262397
116262508
116262648
116262761
116262796
116263008
116263024
116263105
116263245
11626330X
116263326
116263334
116263393
116263431
11626344X
116263520
116263601
116263741
116263806
116263938
116263989
116264144
116264349
116264519
116264659
116264675
116264772
116264780
116264802
116264934
116264985
116265272
116265353
116265434
116265469
116265485
116265515
116265531
116265582
116265590
116265612
116266198
116266228
116266236
116266392
116266414
116266422
116266619
116266732
116266759
11626683X
116266902
116266929
116266937
116266961
116267100
116267119
116267127
11626716X
116267526
116267542
116267577
116267623
116267771
116267798
116267801
116267836
116268077
116268093
116268131
116268166
116268387
116268409
116268549
116268557
116268638
116268719
11626876X
116268778
116268891
116268913
116268956
116269022
116269251
116269421
116269456
116269545
11626957X
11626960X
116269855
116269863
116269871
116269901
116270772
116270888
116270896
116270977
116271000
116271205
116271361
116271558
116271701
116271728
11627185X
116271906
116271922
116272023
116272058
11627218X
116272422
116273143
116273445
116273739
116273755
116273860
11627400X
116274018
116274069
116274344
116274352
116274565
116274662
116274743
116275316
116275677
116275685
116275715
116276002
116276061
116276444
11627655X
116276584
11627669X
116276932
116276940
116277009
116277211
116277262
116277475
116277696
116277785
116277807
116277823
116277920
116278005
116278013
116278021
116278056
116278064
116278102
116278374
116278447
116278609
116278668
116278749
116278757
11627879X
11627882X
116278854
116279141
116279710
116280298
116280328
116280441
116280530
116280603
116280611
116280654
116280697
116280700
116280808
116280832
116280883
116280905
116280980
116280999
116281278
116281375
116281502
116281529
116281537
116281561
11628157X
116281588
116281693
116281804
116281812
116281839
116281847
116281855
11628191X
116281960
116282185
116282266
116282320
116282339
116282347
11628238X
116282487
116282592
116282614
11628272X
11628286X
116282967
116282975
116283173
116283203
116283297
116283335
116284404
116284560
116284633
116285036
116285176
116285419
116285435
116285524
116285605
116285621
116285664
116285842
116285923
116286024
116286032
116286121
11628613X
116286164
116286180
116286199
116286326
116286377
116286474
116287489
116287624
11628790X
116288019
116288078
116288086
116288310
116288396
116288418
116288450
116288566
116288620
11628871X
116288868
116289104
116289147
11628918X
116289287
116289333
116289538
116289740
116289813
116289929
116289945
116290005
116290021
116290129
116290250
116290455
116290498
116290552
116290587
116290595
116290668
116290765
116290919
116290943
116291028
116291060
116291117
116291214
116291273
116291567
116291583
116291621
116291710
116291761
11629177X
116291842
116291893
116292032
116292040
116292059
116292199
116292350
116292393
116292407
116292431
116292598
116292660
11629275X
116292857
116293527
116293659
116293705
11629373X
116293748
116293802
116293942
116294310
116294493
116294655
116294671
116294698
116295228
116295376
116295503
11629552X
116295562
11629583X
116296240
116296496
116296615
116296704
116296887
116296895
116297115
116297182
116297190
116297204
116297379
116297611
116297743
116298170
11629826X
116298286
116298324
116298413
11629843X
116298561
116298871
116299290
116299509
116299568
116299665
116299843
116300248
116300868
116300892
116300914
116300981
116301015
116301120
116301139
116301309
116301511
11630152X
116301775
116301783
11630183X
116301856
116302127
116302542
11630264X
116302712
116302860
116302909
11630295X
116303050
116303093
116304332
116304367
116304391
116304421
116304553
11630457X
116304618
116304634
116304715
116304723
116304774
116304782
11630491X
116305010
116305096
11630510X
116305363
116305452
116305606
116305703
116305797
116305916
116305932
116305991
116306009
11630605X
116306181
116306300
116306904
116307048
116307110
116307226
116307242
116308087
116308109
116308125
116308265
116308443
116308486
116308516
116308621
116308745
116309105
116309547
116309652
116309695
116309865
116310634
116310650
116310790
116310960
11631141X
116312351
116312831
116313013
116313080
116313323
116313374
116313390
116313404
116313501
116313544
116313714
116313854
116313862
116313897
116313978
116314095
116314117
11631429X
116314338
116314427
116314877
116315407
116315733
116316616
116316624
116316675
116316942
116317094
116317183
116317353
116318163
11631866X
116319011
116319038
11631916X
116319267
116319410
11631978X
116319836
116319844
116319879
116321040
11632273X
116323086
116323183
116323302
116323353
116323523
116323876
116323930
11632421X
116324295
11632435X
11632452X
11632581X
116325925
116325976
116326018
116326514
116326557
11632662X
116326905
116327618
116328886
116329068
116329289
116329297
116329440
116329513
116329572
116329645
116329653
11632967X
116329696
116330015
116330082
116330384
116330856
116331399
116331623
116331674
116331992
116332085
116332255
116332336
116332603
116332972
116333057
116333111
116333316
116333359
116333421
116333669
116333995
116334371
11633469X
11633472X
116335173
116335181
116335254
116335998
116336358
116336935
116337338
116337435
116337540
116337559
116337591
116338113
116338288
116338792
116339012
116339136
116339438
116340029
116340037
116340096
116340215
116340460
116340924
116341831
116342196
116342439
116342684
11634301X
116343214
11634329X
116343478
116343885
116344024
116344148
116344326
11634458X
116344865
116345004
116345128
116345330
116347384
116347953
116348461
116348674
11634900X
116349115
116349735
116349891
116350660
116350873
116351020
116351144
116351705
116352205
116352485
116352787
116352825
116353112
11635349X
116354070
116354240
116355034
116355093
116355360
116355565
116356162
116356855
116357266
116357347
116358335
116358378
116359048
116359552
116360275
116361301
116361670
116361719
116362081
116362367
116362375
116362480
116362502
11636257X
116362812
116362839
116362995
116363037
116363207
116363355
116363533
116363908
116363924
11636436X
116364440
116364475
116364521
116364777
116364963
11636498X
116365013
11636503X
116365366
116365579
116365889
116367482
116367709
116368136
116368462
116368772
116369329
116369426
116369698
116369760
116369825
116369876
116370262
116370408
116371080
116371315
116371757
116371919
116372230
116372443
116373008
116373024
116373334
116374276
116374373
116374586
116375205
11637523X
116375272
116375329
116375353
11637540X
116375493
116375523
116375701
11637599X
116376147
11637618X
116376236
116376252
116376309
116376392
116376511
116376996
116377062
116377135
116377321
116377658
116377674
116378328
116379073
116379545
11637960X
116379901
116380225
116380594
116381019
11638106X
116381086
116381116
116381213
116381256
116381728
116381965
116382341
116382406
116382473
116382600
116382961
116383011
116383437
116383445
116383801
116384255
116384476
116385545
116386169
116386185
116386304
11638686X
116386967
116387351
116387483
116387718
116388064
116388145
116388358
116388420
116388439
116388889
116389184
116389281
116389397
116389419
116389680
116389699
116389958
116390433
116390441
116391456
116391472
116391693
116391901
116392029
11639241X
116392673
116392762
116392819
116392983
116393580
116393610
116394196
11639434X
116395036
116395265
116395516
116395869
116395974
116396067
116396423
116396466
116396911
11639725X
116397306
116397500
116398906
116400064
116400145
11640034X
11640065X
116400757
116400765
11640082X
116400951
116401176
116401729
116401761
11640177X
116401877
116402563
116402792
11640292X
116403489
116403780
116404078
116404175
116404183
116404205
116404256
116404310
116404566
116404590
116404833
116404868
11640535X
116405384
116405805
116405848
116405872
116406364
116406380
116406488
116407611
116407751
11640809X
116408170
116408189
116408200
116408634
116408782
116408936
116409339
116409525
116409754
116410051
116410418
116410620
116411082
116411465
116411767
116411996
116412100
116412305
116414529
116414561
116415525
11641555X
116415568
116415576
116415738
116415991
116416629
116416637
116416734
116416858
116417021
116417749
116417811
116417854
116417919
116417935
116418133
116418257
116419016
116419377
116419571
116419784
116419903
116420022
116420073
116420081
116420227
116420278
116420286
116420359
116420596
11642141X
116421436
116421738
116421746
116422211
116422459
116422572
116423412
116423749
116423919
11642396X
116424680
116424907
116425725
11642625X
116426853
116428201
116428473
116428503
116428546
116428902
116429070
116429410
116429569
116429712
116429720
116429909
116430141
116430257
116430699
116430834
116430850
116430923
116431393
116431954
11643273X
116432977
116433132
11643340X
116433639
116433655
116433868
116434422
116435526
116435887
116436131
116436190
116436425
116437103
116437383
116437529
11643788X
11643791X
116438401
11643841X
116438789
116439041
116439467
116439890
116440090
116440627
116441313
116442336
116442921
116443111
116443391
116443405
116444002
11644407X
116444134
116444452
116444657
11644536X
116445777
116445807
116446080
116446226
116446250
116446730
116446749
116446781
116446803
116446811
116446889
116447001
116447656
116447664
116447710
116448008
116448016
116448636
116449233
116449306
116449675
116449713
116449926
116449993
116450665
116450908
116450932
116450975
116451033
116451491
116451718
116451793
116452072
116452137
116452145
11645220X
116452226
116452323
11645248X
116452838
116453362
116453419
116453680
116453737
11645394X
116454601
116456272
116456906
116457228
116457899
116458135
116458275
116458429
116458445
11645850X
116458658
116458844
116458879
116458984
116459204
116459336
116459468
116459999
116460253
116460644
116460806
116460873
116460903
116461020
116461047
11646125X
116461381
11646173X
11646187X
116462329
116462639
116462973
116463171
11646318X
116463236
116463562
116463597
116463694
116463759
116463864
116463902
116464011
116464127
116464216
116464763
116465085
116465107
116465166
116465433
116466383
116467541
116468009
116468092
116468327
116468521
116468955
11646898X
116469153
116469307
116469463
11646948X
116469498
11646951X
116469552
116469587
116469595
116469765
116469781
116469978
116470011
116470054
116470216
116470267
116470283
116470372
116470437
116470445
116470461
11647047X
116470488
116470526
116470577
116470895
116470909
116470941
11647095X
116471263
116471271
11647131X
116471425
116471522
116471689
116471719
116471727
116472162
116472804
116473169
116473584
116474254
116474319
116474580
116475080
116476346
116476427
116476435
116476443
116476451
116476508
116476532
116476672
116476893
11647730X
116477318
116477350
116477474
11647758X
116477660
116477725
116477776
116477792
116477822
116478020
116478039
116478047
116478055
116478160
116478225
116478276
116478292
116478357
116478934
116479353
116479515
11647968X
116479809
116479825
116479833
116480009
116480335
116480351
116480432
116480440
116480513
116480696
11648070X
116480769
116480807
116480815
116480866
116480874
116480998
116481005
116481099
116481498
116481625
116481714
116481730
116481773
116481803
116482001
116482036
11648215X
116482184
11648246X
116483350
116483458
116483512
116483660
116484403
116484454
116484594
116484845
116485183
11648523X
116485930
116486147
116486368
116486392
116486422
116486511
116486570
116486589
116486600
116486627
116486651
11648666X
116486775
116486856
116486988
116486996
116487011
11648702X
116487054
116487178
116487380
116487402
116487445
116487453
116487496
116487631
116487879
11648800X
116488131
11648828X
116488379
116488549
116488808
116488816
116488875
116488905
116489138
116489170
116489197
116490276
116490314
11649042X
11649056X
116490845
116490926
116490950
116491035
116491183
116491299
116491477
116491736
116491809
116492120
11649266X
116492759
116492953
116493127
116493186
116493593
116494360
116495146
116495200
116495235
116495618
116495723
116495995
116496037
116496169
116496282
116496517
11649655X
116496568
116496592
116496606
116496657
116496940
116496967
116497009
116497025
116497092
116497122
116497254
116497505
116497610
116497750
116497912
116497963
116498005
116498110
116498218
116498234
116498323
116498889
116499222
116499273
11649932X
116499346
116499745
116499931
11650031X
116500735
116500778
11650093X
116501138
116501375
116501545
116501960
116502010
116502061
11650210X
116502975
116502991
116503130
11650322X
116503289
116503300
116503424
116503610
116503629
116503718
116503815
116503866
116503904
116504072
116504307
116504412
11650451X
116504544
116504617
116504625
116504641
116504722
116504803
116504870
116504900
116504919
116504986
116505036
116505052
116505168
116505362
116505427
11650546X
116505567
116505621
11650563X
11650577X
116505907
116506067
116506121
116506296
11650630X
116506342
116506482
116506512
116506571
11650661X
116506652
116506865
116506938
116506946
116507004
116507020
116507136
116507144
116507152
116507209
116507284
116507292
116507411
11650756X
116507616
116507748
116507756
116507780
116507861
116507934
116507942
116507977
116508000
116508035
116508086
116508132
116508167
116508175
116508493
116508701
116508809
116508833
116508922
116508949
116509007
116509155
11650918X
116509252
116509457
116509511
116509759
116509821
116510056
116510072
116510137
116510188
116510218
116510269
116510331
11651048X
116510498
116510560
116510781
116510897
116510927
116510978
116510986
116511052
116511117
116511168
116511257
116511303
116511494
116511613
11651163X
116512067
116512075
116512083
116513292
116514027
11651423X
116514361
116514426
116514477
116514752
116514809
116514892
116514922
116515260
116515368
11651549X
116515562
116515740
116515848
116515856
116515899
116515929
11651597X
116516232
116516259
116516283
116516623
116516674
116516720
116516828
116516860
116516895
116517107
116517115
116517158
116517239
116517352
116517387
116517433
116517514
116517638
116517735
116517859
116518081
116518405
116518480
116518561
116518626
116518723
116519088
116519150
116519401
11651941X
116519576
116519657
116519908
116519916
116520213
116520442
116520779
11652099X
116521147
116521309
116521384
116521546
11652183X
116521953
116522003
116522321
116522518
116523360
116523816
116523875
116523948
116523972
116524227
116524367
116524480
116524685
116524715
116524995
116525037
116525053
116525215
116525339
116525533
116525746
116525851
116525886
116525916
116526076
116526238
116526858
116527013
116527080
11652717X
116527188
116527250
116527285
116527919
116528192
116528303
11652832X
116528443
116528478
116528656
116528834
116529091
116529377
116529512
116530022
116530030
116530111
116530227
116530324
116530413
116530464
116530545
116530723
116530936
116531045
116531142
116531177
116531398
116531428
116531444
116531460
116531622
116531673
116531738
116532017
116532068
116532106
116532203
116532386
116532408
11653253X
11653267X
116532777
116532874
116533099
116533137
116533242
116533250
116533277
116533390
116533420
116533536
116533781
116533811
11653382X
116534060
116534184
116534214
116534311
116534346
116534370
116534486
116534567
116535091
116535415
11653561X
116535733
11653575X
116535792
116535806
116535822
116535857
11653608X
11653611X
116536179
11653625X
116536373
11653642X
116536462
116536535
116536578
116536616
116536691
116536810
116536853
116536950
116537159
116537434
116537620
116537744
116537833
116538007
116538074
116538120
116538201
116538228
116538317
116538635
116538716
116538783
116539143
116539313
116539585
116539909
116539917
116540087
116540125
116540133
116540370
116540427
116540486
116540540
116540729
116540761
11654077X
116540907
116540923
116540982
116541008
116541199
11654127X
116541350
116541415
116541512
116541555
116541814
116541822
116541938
116542020
116542675
116542845
116543167
116543175
116543264
116543434
116543450
116543507
116543671
116543809
116544058
116544449
116544570
116544694
116544716
116544791
116545135
116545186
116545291
11654533X
116545410
116545461
116545526
116545712
116545747
11654581X
116545879
116545895
116545925
116545941
116546034
116546069
11654645X
116546492
116546565
116546662
116546670
116546727
116546840
116546859
116546948
116547057
116547073
116547278
116547332
116547464
116547553
116548088
116548118
116548320
116548584
116549068
116549092
116549165
11654919X
116549203
116549726
116549793
11654998X
11655018X
116550503
116550597
116550651
116550759
116550813
116550872
116550880
116550910
116551070
11655116X
116551186
116551240
116551259
116551275
116551305
116551607
11655181X
116551941
116552115
116552204
116552298
116552336
116552433
116552441
116552557
116552581
116552611
116552662
116552689
116553103
116553332
116553456
116553677
116553774
11655388X
116553952
116554703
116554770
116554886
116555122
116555378
116555696
11655570X
116555718
116556269
116556404
116556447
116556501
116556633
116556722
11655679X
116556838
116556889
116556986
116557222
116557265
116557370
116557419
116557524
116557559
116557648
116557656
116557664
116557761
11655777X
116557915
116557966
116557974
116558032
116558121
116558164
11655875X
116558784
116558830
116558911
116559012
116559160
116559187
116559233
11655925X
116559314
116559349
116559357
116559977
116560053
116560274
116560398
116560908
116560916
116560932
116561173
116561181
116561270
116561343
116561475
116561661
116561688
116561734
116561904
116561947
116561963
116561998
11656332X
116563540
116563567
11656363X
11656394X
116564393
116565063
116565349
116565616
11656606X
11656640X
116566515
116566523
116566531
116566965
116567120
11656721X
116567228
116567384
116567392
116567465
116567619
11656783X
11656797X
116568046
116568062
116568224
116568267
116568372
116568461
11656881X
116568852
116569166
116569182
116569190
116569239
116569328
116569336
116569352
116569360
116569379
116569409
116569417
116569441
116569506
116569549
116569611
11656962X
116569689
116569697
116569778
116570164
116570326
116570377
116570741
11657075X
116570881
116570962
116571047
116571101
116571330
116571721
116571845
116572094
116572892
11657299X
116573287
116573627
116573643
116573694
116573821
116573880
116573996
116574275
116574291
116574437
116574593
116574747
116574763
11657478X
116574801
116574844
116574852
116574925
116574976
116574984
116575085
116575182
116575387
116575492
116575751
116575824
116575859
116575956
116576022
116576065
116576111
116576170
116576278
116576294
116576332
116576537
116576596
11657674X
116576812
116576820
116577002
116577223
116577282
116577355
116577649
116577940
116578122
116578130
116578319
116578335
116578459
116578491
11657870X
116578866
116578920
116579161
116579226
116579293
116579331
116579455
116579544
116579552
116579579
116579595
116579625
116579641
116579757
116579919
116579943
116579951
116580003
116580119
116580267
116580623
116580666
116580674
11658081X
116580852
116580968
116581042
116581050
116581182
116581212
116581328
116581417
116581530
116581786
116581859
116582022
116582146
116582170
116582251
116582456
116582596
11658274X
116582774
116582944
116583002
116583053
116583347
116583665
116583711
116583754
116583800
11658405X
116584203
116584327
116584408
116584637
116584777
116584831
116584920
116585250
116585277
116585323
116585501
116585668
116585781
11658582X
116585889
116585927
116585935
11658596X
116585978
116585986
116586249
116586516
116586842
116587474
116587768
116587865
116588594
116589817
116590408
116590785
116590882
116590920
116590998
116591307
116591676
116591730
116591919
11659196X
116592079
116592419
11659263X
116592648
116592664
116592761
116592842
116592915
116593156
116593229
116593326
116593407
116593679
116593768
116593881
116593903
116594039
116594136
116594314
116594497
116594608
116595663
116595949
116595957
116595965
116596112
116596201
116596236
116596651
116596708
116596759
11659702X
116597070
116597119
116597259
116597488
116597755
116598018
116598042
116598085
116598115
116598131
116598158
116598190
116598220
116598506
116598921
116598999
116599049
116599227
116599944
116599995
116600217
11660042X
116600810
116601000
116601329
116601523
116601825
116601930
116601949
116602074
116602090
116602511
116602651
116602678
116602732
116603356
116603631
116603658
116603798
11660381X
116603917
116604085
116604506
116604514
11660462X
116605103
116605448
116605677
116605871
116606029
116606045
116606118
116606231
116606401
116606428
116606576
116606592
116606657
116606959
116607025
116607033
11660705X
116607092
116607149
116607157
116607246
116607378
116607521
116607696
11660770X
116607718
116608080
116608129
116608196
116608234
116608382
116608471
116608838
116609028
116609036
116609265
116609702
116609974
116610050
116610069
116610158
116610212
116610301
11661031X
116610468
116610530
116610662
116610832
116611030
116611049
116611294
116611316
116611332
116611480
116611545
116611618
116611650
116611693
116611715
116611723
116611804
11661191X
116612061
116612096
116612134
116612207
116612266
116612363
116612495
116612509
116612606
116612894
11661305X
116613106
116613335
116613378
116613440
116613653
116613785
116614269
116614773
11661479X
116615370
116615427
116615435
116615613
116615664
116615710
116615923
116616261
116616504
11661661X
116616660
116616725
116616970
116617381
116617411
116617543
116617675
116617691
11661787X
116617950
116618078
116618086
116618108
116618116
116618221
116618248
116618558
116619309
116620277
116620501
116620900
116621206
116621222
11662132X
116621362
116621869
116622016
116622423
11662261X
116622636
116622695
116622784
11662289X
116623012
116623861
116623926
116624175
11662423X
116624248
11662437X
116624450
116624582
116624590
116624698
116624744
116624787
116624795
116624841
116624981
116625007
116625198
116625481
11662552X
116625538
116625627
116625856
116625910
116626089
116626127
116626267
116626283
116626364
116626410
11662650X
116626526
116626542
116626577
116627239
116627344
116627417
116627492
116627638
116627662
116627670
116627719
116627824
116627883
116627948
116628146
116628219
116628251
116628405
116628456
116628464
116628472
116628596
116628731
116629029
11662924X
116629355
11662941X
116630116
116630159
116630175
116630191
11663023X
116630264
116630299
116630302
116630531
116630736
116630906
11663121X
116631279
11663135X
116631465
116631651
116631732
116631929
116632097
116632275
116632445
116632593
116632828
116632925
116633034
116633077
116633689
116633697
116633786
116633972
116634103
116634472
116634650
116635363
116635371
116635517
116636300
116636505
116636564
116637005
116637048
116637099
116637102
11663720X
116637277
116637331
116637366
11663748X
11663782X
116637897
116638028
116638044
116638176
116638206
116638222
116638230
116638249
116638311
11663832X
116638443
116638508
116638540
116638818
11663930X
116639342
116639571
116639679
116640022
116640049
11664009X
116640243
116640774
116640790
116640839
116640863
116641304
116641479
116641487
116641495
116641517
116641584
116641592
116641665
116641789
116641797
116641800
116641835
116641924
116642068
116642114
116642157
116642173
116642181
116642246
116642327
116642394
116642440
116642602
116642718
116643188
11664365X
116643765
116643943
116644346
116644745
11664494X
116645091
116645105
116645156
116645199
116645296
116645385
116645504
116645520
116645539
116645776
116645784
116645822
116645857
116645911
11664592X
116645946
116645962
116646020
116646055
116646713
116646721
116647957
116648147
116648627
116648783
116649089
116649348
116650028
116650230
116650362
116650494
116650532
116650540
116650788
116650796
116650818
116650826
116651296
116651466
116651792
116651881
116652195
116652357
116652799
116652934
116652942
116653264
116653582
116653671
116653868
116653922
116654015
116654139
116654244
116654694
116654813
116654902
116655151
116655356
116655453
11665578X
116655844
116655887
116655968
116655992
116656069
116656255
116656468
116656719
116657154
116657197
116657618
116657979
116658347
116658509
11665886X
116658886
116659181
116659297
116659491
116659939
116660317
116660511
116661453
116662204
116662352
116662417
116662689
116662751
116662794
116662867
11666374X
11666410X
116664290
116664347
116664363
116664665
116664681
11666553X
116665688
11666570X
116666013
116666048
11666634X
116666986
116667826
116667834
116667850
116667907
116668040
116668091
11666827X
116668423
116668431
116668474
116668660
116668725
116668792
116668873
116668903
116668989
116669071
116669276
116669292
116669314
116669551
116669888
116670002
116670223
116670827
116671114
116671254
116671335
116671432
116671467
116671602
116671769
116671785
116672064
116672285
116672501
116672730
116672765
116672862
116672978
116672994
116673001
116673044
116673087
116673370
116673397
116673427
11667363X
116673648
116673729
116674040
116674105
116674199
116674202
116674474
116674547
116674628
116674652
116674822
116674911
116674962
11667542X
116675586
11667573X
116675756
116675799
116675934
116675985
116676353
116677791
116677929
11667928X
116679662
11667993X
116679948
116680016
116680075
116680105
116680199
116680202
116680385
116680458
116680881
116680938
116680954
116681179
116681187
116681667
116681691
116681942
116682116
116682167
116682256
116682582
116682736
116682884
116683090
116683163
116683422
116683503
116684151
116684593
116684720
116685018
11668514X
116685298
116685336
116685352
116685409
116685417
116685441
116685514
116685727
116685778
116686014
11668609X
116686103
116686863
116686928
116687096
116687363
11668738X
116687703
116687991
116688122
116688424
116688629
116688912
116688939
116689099
116689102
116689110
116689145
116689188
116689234
116689323
116689331
116689374
116689552
116689668
116689684
116689714
116689838
116690011
116690194
116690380
116690887
116691034
116692154
116692626
116693002
116693495
116695617
116696281
11669629X
116696486
116696532
116696664
116696672
116696729
116696737
116696826
116696842
116696877
116696885
116696923
116697008
116697016
116697059
116697105
116697172
116697342
116697377
116697407
116697490
116697903
11669811X
116698128
116698292
116698373
116698462
116698543
116698985
116699310
11669937X
116699469
11669954X
116699795
11670005X
116700173
116700378
116700475
116700653
116700688
116701072
116701102
116701153
116701374
116701439
116701528
116701544
11670165X
116701730
116701781
116701803
116702117
116702133
116702176
116702192
116702214
116702265
116702273
116702419
116702664
116702729
116702818
116702826
116702907
116703113
116703423
11670361X
116703636
116703652
116703776
116703873
116704039
116704128
116704217
116704284
116704306
116704551
116704667
116704683
116704713
116705221
116705566
116705574
116705647
116705809
116705833
116706058
116706066
116706090
116706163
116706198
116706651
116707275
116707720
116707739
116707941
116707992
116708166
116708204
116708263
116708387
116708492
116708727
116708794
116708859
116708891
116708948
116709014
11670912X
116709170
11670926X
116709537
116710268
116710489
116710497
116710756
116710772
116711205
116711256
116711450
116711485
116711671
116711760
116711833
116712805
116712902
116712961
11671347X
116713801
116714166
116714433
116714786
116714832
116715049
116715081
116715286
116715502
116715898
116716290
116716304
116717262
116717440
116718129
11671817X
116718226
11671865X
116718838
116718846
116718854
116718994
116719141
116719664
116719710
116719761
116720166
116720611
116720697
116721022
116721138
116721804
116722045
116722282
116722835
116723114
116723149
116723343
116723432
11672353X
116723718
116724072
116724129
116724145
116724269
116724412
116724641
116724722
116725044
116725087
116725095
116725346
116725370
116725559
11672563X
116725842
116725907
116725931
116726024
116726199
116726288
116726342
116726466
11672658X
116726687
116726989
116728698
116729015
116729228
116729325
116729406
116729430
116729473
116730242
116731028
116731893
116732024
116732288
116732512
116733217
116733349
116733470
116733977
116734086
116734132
116734221
116734426
116734868
116735996
116736313
116736445
116736992
116737182
116737220
116737271
116737301
116737662
116738065
116738162
116738197
116738405
116738790
116738839
116738979
116739177
116739428
116739517
116739541
116739606
116739762
116740205
116740248
116740418
116740892
116741236
116741260
116741279
11674135X
116741422
116741449
116741511
116741538
116741546
116741708
116741740
116741910
11674216X
116742194
116742445
116742615
116742690
116742801
116743190
116743247
116743972
116743999
116744359
116744375
116745134
11674569X
11674636X
116746599
116746629
11674670X
116746777
116746912
11674734X
11674751X
116747722
116747781
116748117
11674815X
116748176
116748575
11674927X
116749563
116749679
11674989X
116750154
116750162
116750170
116750219
116750537
116750642
116750766
116751061
116751460
116751495
116751797
116751800
116751932
116751940
116751983
116752173
116752335
116752351
116752505
116752572
116753056
116753099
116753188
116753471
116754214
116754540
116754729
11675480X
116754885
116755121
11675544X
11675561X
116755741
116755792
116756330
116756403
116756705
116756799
116756829
116756845
116757159
116757264
116757310
116757388
11675740X
116757582
116757590
11675768X
116757698
116757868
116757957
116757973
116758198
116759070
116759194
116759267
116759437
116759542
11675981X
116759933
116760087
116760338
116760370
11676046X
116761679
116761970
11676211X
116762217
11676225X
116762608
116762993
116764074
116764465
11676483X
116764929
116764937
116765135
11676516X
116765194
116765216
116765445
116765496
116765542
116765569
116765585
116765623
116765631
116765704
116765712
116765801
116765852
116766069
116766085
116766204
116766212
116766255
116766328
116766433
116766514
116766522
116766557
116766867
116766921
116768096
116768258
116768274
116768452
116768754
116769599
116770171
116770368
116770384
11677049X
11677097X
116771003
116771127
116771658
116772549
116772638
11677276X
116772913
116772956
116773189
116773995
116774096
116774266
116774282
116774312
116774460
116774673
11677472X
116774754
116774800
11677486X
116774924
116774967
116775033
116775068
116775165
116775246
116775424
116775467
116775629
11677570X
116775785
116775807
116776021
116776153
116776390
116776668
116776730
116776927
116776951
11677696X
116777273
11677763X
116778210
116778636
116778725
116779330
116779926
11678041X
116780851
116781998
116782226
116782285
116782609
116782641
11678329X
11678377X
11678413X
11678508X
11678539X
116785756
116785829
116785861
116786647
116786841
116786906
116786949
11678718X
116787260
116787341
116787686
116787732
116787899
116787996
116788070
116790490
116790741
116790903
116790962
116791020
116791136
116791357
116791489
116791683
116792094
116793074
116793155
11679318X
116793244
116793465
116793716
116793848
116793880
116793988
116794003
116794240
116794291
116794526
116795646
116795905
116796014
116796693
116796863
116797460
116797479
116797517
116797851
116797940
116798025
116798289
116798408
116798580
116798599
116798912
116799102
116799145
116799285
11679951X
116799595
116799633
116799684
116799803
116800291
116801344
116801735
116801743
116802014
116802219
116803398
116803517
116803592
116804386
116804432
116804521
116804599
116804688
116804971
116805382
116805471
116806117
116806702
116806834
116806850
116807040
116807067
116807148
116807199
116807229
116807245
116807431
116807539
116807857
116808012
116808268
116808500
116808640
116808748
116809078
116809205
116809248
116809523
116809582
116809795
116809833
116809949
11680999X
11681005X
116810173
116810556
116810653
116810661
116810688
116810769
116810807
116810831
116810998
11681103X
116811315
116811374
116811412
116811994
116812923
11681294X
11681313X
116813563
116813717
11681425X
116814284
11681439X
116814403
116814586
116814632
116814683
116814691
116814829
116814993
116815027
11681506X
116815175
116815205
116815248
116815426
116815507
116815523
116815663
116815701
116815825
11681585X
116816201
116816422
116816864
116817275
116817364
116817569
116817585
116817623
11681764X
116817763
116817801
116817917
116817933
11681800X
116818018
116818034
116818107
116818220
116818387
116818395
11681876X
116819103
116819251
116819502
116819820
116820047
116820179
116820187
116820446
116820780
116820918
116821094
116821175
116821221
116821299
116821329
116821337
11682137X
11682140X
116821493
116821531
116821663
11682168X
116821698
116821701
116821744
116821817
116821833
116821884
116821906
116821914
116821930
116821981
116822074
116822090
116822317
116822376
116822392
116822589
116822686
116823046
116823089
116823216
116823429
116823488
116823585
116823593
116823682
116823941
116824093
116824107
116824115
116824204
11682428X
116824395
116824441
116824476
116824506
116824913
116825294
116825588
116825898
116826088
116826096
116826231
116826479
116826541
116826649
116826746
116826894
116826959
116826975
116826983
116827092
116827149
11682722X
116827254
116827270
116827319
116827394
116827475
116827556
116827823
116827882
116827904
11682798X
116828048
116828161
116828323
116828382
116828412
116828714
116828730
116828773
116828781
116828854
116829036
116829540
116829745
116829761
116829931
11683000X
116830050
116830123
116830166
116830220
116830352
116830492
116830654
116830980
116831081
116831111
116831359
116831413
116831448
116831510
116831553
116831979
116832177
116832223
116832304
116832339
116832355
116832509
116832541
116832622
116833041
116833149
116833378
116833882
116834293
116834633
116834676
116834765
116834943
116835605
116835672
116835753
116835966
116836083
116836148
11683630X
116836334
116836393
116836709
116836717
11683689X
116839759
116839856
116840080
11684034X
116840676
11684132X
116841338
11684146X
11684244X
116842865
116843039
116843063
116843187
116843381
116843470
116843535
116843748
116843969
116843985
116843993
116844027
116844086
116844094
116844604
116844647
116844736
116844825
11684485X
116844892
116845171
116845325
116845406
116845503
116845511
116845589
116845635
116845651
116845678
116846011
116846046
116846070
116846089
116846151
116846402
116846712
116846828
116846879
116847034
116847182
116847220
116847239
11684731X
116847425
116847492
116847638
116847654
116847735
116847808
116848243
11684826X
116848367
116848391
116848642
116848901
116848987
116848995
116849037
116849053
116849088
116849436
116849649
116849665
116849762
116849797
116849894
116850035
116850078
116850116
116850124
116850159
116850175
116850183
116850310
116850361
116850442
116850531
116850639
116850655
11685071X
11685085X
116850876
116850965
11685099X
116851066
116851112
116851147
116851201
116851295
116851430
116851503
116851562
116851627
116851724
116851856
116852127
116852151
11685233X
116853018
116853441
11685345X
11685359X
11685362X
116853794
116853824
116853859
11685393X
116854162
116854294
116854359
116854383
116854413
116854456
116854634
116854669
116854685
116854731
11685491X
116854936
116855002
116855053
116855274
116855320
116855479
116855487
11685555X
116855789
11685605X
116856084
116856157
116856203
116856246
116856270
116856297
116856319
116856335
116856424
116857005
116857129
11685717X
116857226
116857374
11685751X
116858176
116858427
116858516
116858672
116858702
116859334
11685944X
11685961X
116860073
116860146
116860456
116860995
116861215
116861223
116861320
116861479
116861584
116861649
116861797
116861827
116861835
116861886
116861983
116862300
116862556
116862645
116862726
116862742
116862971
116863005
11686303X
116863293
116863404
116863447
116863684
116863854
116864265
116864982
116865423
116865644
116865792
116865865
116866101
116866195
11686625X
116866454
116866594
116867051
1168670632
116867094
116867213
116867426
116867558
116867795
116868287
116868678
116868775
116868805
116868937
116868953
116869038
116869100
116869194
116869461
116869658
116869674
116869690
116869933
116869984
116870028
116870079
116870621
116870826
116871199
116871210
116871466
116871520
116871539
11687158X
116871660
116871822
116871881
116871954
116871962
116871997
11687208X
116872187
116872225
11687225X
116872330
116872381
116873043
116873167
116873248
11687354X
116873566
116873574
116873604
116873639
116873884
116874066
116874449
116874511
116874546
116874570
116874619
116874635
116874821
116874872
116874996
116875267
116875275
116875496
116876352
116876433
116876549
116876557
116876573
116876638
116876743
11687712X
116877170
116877197
116877561
116877642
116877766
116878045
116878118
116878231
116878320
116878347
116878584
116878592
116878703
116878746
116878754
116878789
116878851
116878886
116878894
116879084
116879165
116879211
116879394
116879483
116879602
116880392
116880406
116880414
116880449
116880481
116880627
116881372
116881666
116881690
116882425
116882557
116882565
116882794
116882883
116882972
116883057
116883235
116883278
116883413
116883812
116883995
116884002
116884118
116884185
116884444
116884533
116885343
116885645
116885734
116885793
11688665X
116886854
116886935
116886986
116887125
116887168
116887176
116887214
116887311
116887524
11688794X
116888008
116888172
116888202
11688830X
11688844X
116888490
116888652
116888733
116888792
116888814
116888822
116889497
116889845
116890193
11689024X
116890401
116890436
116890630
116890657
11689069X
116890789
116890886
116890894
116890967
116890975
116891017
116891025
116891211
116892013
116892544
116892625
116892668
116892757
11689279X
116892838
116893001
116893184
116893389
116893400
116893540
116893745
116893982
116894113
11689427X
116894709
116894806
116895020
116895160
116895217
116895225
116895276
116895292
116895357
11689539X
116895403
116895489
116895675
116896027
116896043
116896116
116896299
116896302
116896329
116896337
116896442
116896825
116897112
116897589
116897678
116898178
1168982375
116898267
116898372
116898461
116898712
116899115
116899212
116899328
116899336
11689959X
116899611
116899689
116899735
116899875
116900202
116900253
116900377
116900385
11690044X
116900628
116900652
116900717
116900725
116900792
116900962
116901012
116901241
116901349
116901438
116901543
116901586
116901721
116902086
116902116
116902256
116902396
11690254X
116902566
116902728
116902833
116902930
116903910
116904003
11690416X
11690447X
116904755
116905530
116905727
116905859
116906650
116906758
116907053
116907525
116907681
116907711
116907908
116907983
116908009
116908270
116908327
116908548
116908602
116908629
116908718
116908777
116908807
116908904
116908939
116909072
116909080
116909102
116909242
116909374
116909404
116909501
116909943
116910003
116910046
116910283
116910348
11691064X
116910860
11691095X
116911131
116911212
116911247
116911298
116911352
116911409
116911425
116911476
116911514
116912138
116912189
116912251
116912367
116912413
116912545
116912928
116912960
116913002
116913053
116913118
116913258
116913274
116913290
116913622
116913851
116914017
116914092
116914270
116914297
116914602
116914947
116915188
11691534X
116915390
116915455
11691548X
116915552
116915633
116915854
116915862
116915927
116915951
116915978
116916079
116916184
116916338
116916419
116916427
116916508
116916532
116916575
116916613
116916702
116916826
116916869
116917172
116917423
116917466
116917482
116917504
116917563
116917725
116917873
11691808X
116918365
116918489
116918551
116918799
116918950
116919078
116919094
116919183
116919272
116919531
11691954X
116919582
116919612
116919701
116919906
11691999X
116920076
116920157
116920165
116920300
116920319
116920556
116920602
116920645
116920734
116920947
11692098X
116921080
116921323
116921544
116921552
116921811
116921846
116921862
116921870
116922044
116922230
116922567
116922850
116922923
116923784
116923873
116923903
116924012
116924020
11692408X
116924187
116924373
11692442X
116924489
116924551
116924624
11692473X
116924950
116924977
116924993
116925116
116925124
116925183
116925191
116925329
116925434
116925620
116925671
116925833
116926635
116927054
116927062
116927216
116927755
116928255
116928638
11692893X
116928964
116929065
116929081
116929197
116929200
116929243
116929251
11692926X
116929405
116929766
116929790
116929944
116930101
116930128
116930209
116930276
116930322
116930454
116930489
116930500
116930535
116930543
116930675
116930764
116930802
11693090X
116930934
116930993
116931094
116931221
116931353
116931426
116931566
116931590
116932104
116932155
116932325
116932384
116932392
116932481
116932503
116932546
116932872
116932902
116933186
116933380
116933658
116933755
116933828
116933909
116933992
116934018
116934042
116934050
116934077
116934158
116934271
116934298
116934484
116934816
116935057
116935243
116935294
116935316
116935340
116935391
116935456
116935626
116935642
1169361749
116936487
116936517
116936649
116936959
116937270
116937289
116937416
116937483
116937742
116937769
116937785
116937807
116938153
116938277
116938285
116938595
116938757
116938994
116939443
116939893
116940255
116940573
116940816
116941715
116941871
116941960
116941979
116942037
116942053
11694207X
116942312
116942509
116942800
116942908
116942932
116943009
116943343
116943998
116944013
116944560
116945052
116945389
11694563X
116945850
116946083
116946245
116946431
116946733
116946911
116946989
116946997
116947055
116947136
116947152
116947195
116947217
11694725X
116947330
116947462
116947470
116947527
116947756
116947934
116948019
116948132
116948159
116949430
116949449
116949597
116949651
11694966X
116949759
116949791
116949821
116949872
116949899
116950293
116950447
116950889
116951346
116951583
116951796
116951990
116952148
116952407
11695244X
11695261X
116952822
116953357
116953365
116953411
116953829
116954108
116954140
116954191
11695440X
116954671
11695471X
116954809
116954833
116954868
116955023
116955031
116955155
11695552X
116955937
116956011
116956070
116956496
116956690
116956739
116956879
116957530
116957573
11695762X
116957670
116957786
116957875
116958162
116958200
116958367
116958510
116958553
116959126
11695924X
11695938X
116959886
116960019
116960078
116960116
116960183
116960779
116961198
116961317
116961422
116961562
116961694
116961732
116961902
116961945
116961961
116962038
116962259
116962291
11696250X
116962577
116962593
116962682
11696300X
116963026
116963174
11696345X
116963816
116963905
116964707
11696491X
116965134
116965320
116965525
116965649
116965819
116965932
116966130
116966327
116966475
116967145
116967625
116968095
116968192
116968222
116968427
116969237
116969539
116970219
116970243
116970413
116970707
11697088X
11697138X
116971843
116972114
116972130
116972173
116972289
11697236X
11697267X
116972688
116972726
116972777
116972882
116972971
116973021
116973501
116974230
116974680
116975164
1169758215
116976012
116976055
11697673X
116977108
116977213
11697771X
116977841
116977876
116978759
116978821
116979461
116979518
116979542
116979569
116979593
116979615
116979682
116979690
116979860
116979941
116979968
116980087
116980192
116980257
116980281
116980532
116980966
11698127X
116981385
116981776
116981954
116982020
116982047
116982322
116982853
116983051
116983108
116983531
11698354X
116983671
11698368X
116983698
116983795
116983809
116983833
11698385X
116984058
116984074
116984090
116984201
116984333
11698435X
116984376
116984384
116984392
116984465
11698449X
116984511
116984627
116984805
11698483X
11698516X
116985186
116985283
116985305
116985321
116985364
116985399
116985437
11698550X
116985658
116985798
116985887
116985895
116985925
11698595X
116986050
116986239
116986301
116986646
116986689
116986727
116986816
116986980
116987057
11698712X
116987308
116987405
116987413
116987561
116987626
116987669
116987944
116988037
116988096
116988118
116988207
116988258
116988266
116988312
116988592
116988657
116988681
116988746
116988754
116988797
116988835
116988991
116989033
116989114
116989203
116989211
116989599
116989815
116989874
116989904
116990031
116990562
116990694
116990716
116990724
116990910
116991739
11699181X
116991836
116992204
116992239
116992352
116992476
116992867
116992921
116993081
116993146
116993464
116993596
116993723
116993782
116993790
116993812
11699388X
116993952
116994134
116994185
116994339
116994444
116994525
116994592
116994681
116994797
116994908
116994916
116994924
116994991
116995033
116995149
116995157
116995254
116995351
116995696
116995734
116995874
116996080
116996129
11699617X
116996234
116996277
116996366
116996579
116996595
116996676
116996889
116996927
116996986
116997036
116997044
116997052
116997311
116997338
116997532
116997745
116998172
116998237
11699827X
116998415
116998431
116998598
116998873
116998881
116999098
116999128
116999152
116999209
116999233
11699939X
116999403
116999411
116999454
116999624
116999640
116999802
116999853
116999861
117000035
117000094
117000205
117000213
117000248
11700037X
11700040X
117000647
117000698
117000779
117000930
117000965
117001279
11700135X
117001511
117001643
117001783
11700202X
117002178
117002372
117002488
117002585
117002615
117002704
117003077
117003131
117003689
117003727
117003743
117004316
117004324
117004375
117004391
117004405
117004480
117004502
117004537
117004588
117004685
11700488X
117004928
117004936
117004960
117005045
117005169
117005207
117005215
117005541
117005622
117005711
117005916
117006017
11700605X
117006122
117006203
117006289
117006300
117006378
117006459
117006467
117006521
117006653
117006742
117006858
117006963
117006998
117007153
117007242
117007277
117007412
11700751X
117007595
11700782X
117007889
117008095
117008273
117008338
117008435
117008664
117008753
117009083
117009121
117009245
117009466
117009520
117009709
117009946
117009997
117010006
117010065
117010073
117010081
117010235
117010286
117010545
117010618
117012025
117012416
11701270X
117013390
117013544
117013846
11701401X
117014079
117014176
11701477X
117014788
117014850
117014923
117015288
117015326
117015342
117015512
117015598
117015628
117015814
117015938
117015997
117016144
117016330
117016462
117016519
117016551
11701656X
117016632
117016640
117016683
117016799
11701687X
117017574
117017590
117017663
117017701
11701785X
117017914
117017973
117018120
117018406
117018465
117018554
117018600
117018813
117018899
11701902X
117019275
117019372
117019399
117019437
117019534
117019666
11701995X
117019984
117020028
117020109
117020575
117020583
117020842
117020850
117020923
117021016
117021334
117021377
117022012
117022179
117022403
117022551
117022632
117022721
117022829
117023078
117023175
117023639
117023817
117024147
117024597
117024716
117024937
117025259
117025747
117025917
117026301
117026379
117026395
117026409
117026433
11702645X
117026565
11702659X
117027111
117027162
117027626
117028002
117028169
117028274
11702841X
117029181
117029319
117029327
117029602
117029629
117029637
117030112
117030368
11703052X
117030783
117031178
11703133X
117031372
117031410
117031429
117031461
117031674
117031755
117031860
117031933
11703231X
117032514
117032832
117032891
117032956
117033081
117033375
117033391
117033537
117033936
117034142
117034436
117034452
117034517
11703469X
117034746
117034924
117035017
117035203
117035246
117035386
117035416
11703567X
117035823
117036013
11703603X
117036048
117036080
117036218
117036382
117036609
117036757
117036870
117037109
117037370
11703746X
117037656
117037664
117037788
117037826
117038202
117038490
117038881
117038970
117039047
117039063
11703908X
117039144
117039160
117039179
117039217
117039632
117039691
117039802
117039829
117039845
117039896
117039926
117039985
117040096
117040150
117040282
11704038X
117040940
11704122X
117041335
117041343
117041378
117041394
117041416
117041459
117041467
117041742
117041904
117041963
117042013
11704203X
117042080
117042234
117042269
117042277
117042382
117042412
117042463
117042536
117042706
117042749
117042846
117042889
117042900
117042935
117043044
117043176
117043184
117043311
11704346X
117043486
117043591
11704380X
117043842
117043923
117043966
117044016
117044024
117044148
117044237
117044318
117044350
117044490
117044504
11704458X
117044997
117045225
117045462
117045683
117045926
117046280
117046396
117046469
117046647
11704704X
117047155
117047244
117047376
117047481
117047538
117047597
117047643
117047651
117047686
117047708
117047724
117047767
117047937
117048046
117048089
117048097
11704833X
117048410
117048445
117048526
117048577
117048836
117048879
117049107
117049387
117049611
11704976X
117049786
117049840
117050067
117050601
117050989
117051136
117051330
117051403
117051640
117051772
117051780
117051993
117052124
117052442
117052574
117052744
117052795
117052892
117052906
11705304X
117053066
117053112
117053481
117053511
117053678
117053686
117053694
117053899
117053961
117054291
117054321
11705433X
117054453
117054593
117054682
117054747
117054917
11705495X
117055026
117055468
117055549
117055697
117055778
117055875
117056014
117056243
11705626X
117056308
117056391
117056472
117056553
117056685
117056693
11705688X
117056995
117057274
117057355
117057436
117057541
117057592
117057746
117057797
117058106
11705822X
117058297
117058335
117058351
117058505
11705853X
117058653
11705867X
117058750
11705884X
117058971
117059013
117059315
117059323
117059404
117059420
117059536
117060275
117060615
117061050
117061433
117061557
117062030
117062049
117062057
117062073
117062170
117062324
117062502
117062944
117063010
11706324X
117063347
117063363
117064017
117064297
117064475
117064769
117064815
117064823
117064858
117065390
117065412
117065536
117065641
117065773
11706579X
117065870
117065986
117066044
11706629X
117066370
117066478
117066486
117066613
117066656
117066753
117066974
117067083
117067598
117067652
117067660
117067792
11706792X
117068063
117068098
117068144
117068284
117068306
117068411
117068497
117068519
117068632
117068799
11706890X
117068942
117068985
11706906X
117069175
117069272
117069337
117069345
117069353
117069515
117069779
117069825
117069833
117069922
117069973
117070092
117070181
117070335
11707036X
117070475
117070505
117070513
117070777
11707084X
117070912
117071102
117071153
117071404
117071412
117071447
117071498
117071749
117071862
117071897
117071943
11707201X
117072117
11707215X
117072192
117072281
117072419
117072834
117073563
117073784
117074128
117074160
117074268
117074314
117074837
117075485
117075787
117076074
117076139
117076368
117076376
117076392
117076422
117076570
11707666X
117077216
117077380
117077674
117077682
117077879
117078603
117078719
117078751
117078778
11707893X
117079022
117079375
117079472
117080322
117080357
117080829
11708090X
117081299
117081361
117081671
117081906
117082376
117083216
117083232
117083631
117083798
117083992
117084263
117084336
117084379
117084573
117084719
117084751
117084913
117084972
117085049
117085197
117085278
117085367
117085405
117085502
117085669
117085723
117086053
117086339
117086754
11708705X
117087459
117087580
117087718
117088056
11708820X
117088269
117088307
117088323
117088366
117088722
11708882X
117089060
117089125
117089648
117089672
117089737
117089753
117089842
117089869
117090565
117090638
117091812
117091936
117092282
117092460
117092517
117092576
117092614
117092665
117093335
11709501X
117095990
117096172
117096261
11709661X
117096865
117097063
117097179
11709868X
117099147
117099627
117099791
117099805
117100005
117100064
117100625
117100730
117101877
117102040
117102946
117103454
117103527
117103799
117104426
117104477
117104582
117104647
117105457
117105546
117105570
117106186
117107026
117107468
117107786
117108049
117108146
117108219
117108308
117108456
117108472
117108618
117108677
117108731
117109398
117109525
117109681
117109908
117110450
117110477
117110574
11711085X
117111368
117111996
117112186
117112631
117113174
117113239
117113670
117114146
117114162
1171150407
117115304
117115371
11711572X
117116408
11711670X
117116955
117117153
117117315
117117498
117117919
117117935
117118648
117119032
117119326
117119350
117119393
117119415
117119733
11712009X
117120367
117120618
11712110X
117121118
117121630
117122149
117122165
11712219X
117122440
11712298X
117123323
117123854
117124788
11712480X
117124931
117125059
117125091
11712513X
117125156
117125172
117125202
117125229
11712527X
117125415
117125458
117125679
117125806
117125962
117126071
117126616
117126659
117126772
117126810
117126837
117126888
117127221
117127353
117127531
117127671
117127701
117127787
117128511
117128554
117128929
117129054
117129097
117129348
117129380
117129852
117129925
117129976
117130419
117130842
117130990
117131407
117131776
117131784
117132284
117132608
117133396
117133477
117133590
117133604
117133701
117133841
117133981
11713399X
117134015
117134104
117134341
11713449X
117134503
11713452X
117134627
117134775
117134821
117134864
117134872
117135003
117135070
117135321
117135682
117135712
117135887
117135895
117135917
117135941
117135976
117135984
117135992
11713600X
117136018
117136069
117136506
11713659X
117136638
117137294
117137316
117137332
117138053
117138703
117138940
11713905X
117139947
117140023
11714052X
117140791
117140848
117141364
117141550
11714200X
117142158
117142379
117142689
117142697
117142832
117142972
117142999
117143030
117143162
117143227
117143308
117143375
117143405
117143448
117143464
117143537
11714357X
117143685
117143715
117143758
117144037
117144126
117144320
117144398
117144509
117144517
117144649
117144770
117144827
11714486X
117144932
117144983
117145254
117145270
117145386
117145459
117146110
11714620X
117146366
117146382
117146501
117146544
117146617
117146692
117146749
117146765
117147052
117147311
117147419
117147443
117147559
117147680
117147982
117148075
117148180
117148210
117148261
117148415
117149071
117149306
117149616
117150096
117150193
117150592
117150622
117150673
117150843
11715136X
117151386
117151491
117151521
117151610
117152617
117152862
117153141
117153168
117153222
117153427
11715346X
117153931
117153966
117153974
117154008
117154121
117154148
117154164
117154237
117154350
117154636
117154938
117155012
117155365
117155403
117155411
117155446
117155500
117155616
117155691
117155799
117155829
117155896
117156191
11715623X
117156299
117156302
117156469
117156574
117156655
117156671
117157007
117157023
117157031
117157074
117157368
117157503
117157724
117157759
117158062
117158119
117158321
117158348
117158518
117158704
117158712
117158976
11715900X
117159271
117159557
117159654
117159972
117160180
117160407
117160490
117160555
117160717
117160989
117161403
117161527
117161608
117161691
11716173X
117161780
117161802
117161810
117161861
11716187X
117161918
117162442
117162558
117162574
117162655
117162965
117162981
117163023
117163406
117163457
117163597
11716366X
117163899
117163945
117164100
117164267
117164305
117164399
117164585
117164798
117164801
117164860
117164887
117164909
117165069
117165158
117165360
117165417
117165581
117165662
117165670
117165794
117165832
117166030
117166049
117166111
117166200
117166251
117166308
117166324
117166340
117166383
117166391
117166405
117166472
117166529
117166642
11716691X
117166960
117167045
11716707X
11716710X
117167193
117167266
117167290
117167304
117167541
117167916
117167975
117167991
117168025
117168149
117168319
117168769
117168777
117168912
117168963
11716898X
117169102
117169293
11716934X
117169684
117169692
117169714
117169781
117170038
117170453
117170747
117170895
117170933
117171077
117171107
117171123
117171255
117171336
117171387
117171557
11717159X
117171786
117171883
11717212X
117172197
117172200
117172235
117172294
117172634
117172855
117173045
117173061
117173266
117173738
117174033
117174122
117174157
117174181
117174343
11717436X
117174408
117174556
117174688
117174742
117174785
117174793
117174912
117175161
117175226
117175277
117175315
117175501
117175560
117175595
11717601X
117176524
117176567
117176753
117176923
117176931
117176966
117177083
117177555
11717758X
117177954
117177989
117178098
117178349
117178497
117178519
117179000
117179078
117179272
117179426
117179531
117179647
117179655
117179957
117180262
117180572
117180645
117180963
117181021
117181072
117181382
117181390
11718148X
117181528
117181579
117181633
117181641
11718165X
117181749
117181889
117182036
117182168
117182761
117183318
117183482
117183768
117183776
117183784
117183903
117183962
117183997
117184020
117184071
117184292
117184500
117184683
117184756
117184888
117185140
117185361
117185469
117185515
117185833
117185914
117185930
117186015
11718604X
117186139
117186171
11718618X
117186198
117186201
117186309
117186333
117186376
117186414
117186724
117186732
117186783
11718683X
117186872
117186937
117186988
117187046
117187097
117187232
117187305
117187372
117187402
117187429
11718750X
117187518
117187526
117187534
117187658
117187720
117187941
117188050
117188395
117188468
117188921
11718912X
117189200
11718926X
117189383
117189502
117189561
117189898
117189901
117189936
117189979
117190039
117190446
117190799
117191000
117191388
117191442
11719185X
117191930
117192619
117192856
117192880
11719316X
117193232
117193402
117193410
117193526
117193801
117193828
117194107
117194174
117194409
117195049
117195065
117195146
117195243
117195308
117195464
117195472
117195529
117195545
117195553
117195561
117195596
117195618
117196126
117196312
117196371
117196614
117196711
11719672X
117196975
117197262
117197343
117197351
117197556
117197629
117197742
117197939
11719817X
117198285
11719834X
117198390
117198528
117199079
117199214
117199575
117199699
117199885
117199974
117200042
117200123
117200182
117200247
117200344
117200352
11720045X
117200522
11720076X
117200875
117201111
117201391
117201448
117201561
117201650
117201715
11720174X
117201820
117201952
117202096
117202223
117202428
117202487
117202568
117202614
117202649
117202797
117202827
117202851
117203106
117203165
117203181
117203254
117203300
117203424
117203572
117203661
11720370X
117203866
117203955
117204005
117204013
117204102
117204153
11720417X
117204277
117204285
117204307
117204374
117204536
11720465X
117204722
11720482X
117204994
117205044
117205141
11720515X
117205176
117205346
117205486
117205567
117205656
117205699
117205893
117206369
117206407
117206482
117206563
117206601
117206849
117206873
11720711X
117207276
117207306
117207969
117208094
117208116
117208213
117208302
117208353
117208809
117208981
117209058
117209104
117209163
117209317
117209481
117209511
117209694
117209848
117209872
11721003X
117210072
117210137
11721017X
117210196
11721034X
117210412
117210501
117210641
117211095
117211362
117211370
11721146X
117211516
117211907
117211931
117211958
117212083
117212105
117212210
117212253
117212261
117212334
117212369
117212474
117212490
117212512
117212601
117212636
117212954
117213004
117213063
117213144
117213160
117213179
117213381
117213829
117213950
117214035
117214140
117214175
117214221
117214361
117214396
117214515
117214906
117214930
117215163
117215406
117215481
117215546
117215821
117216062
117216089
117216127
11721616X
117216461
117216615
117216763
117216941
11721714X
117217158
117217174
117217204
117217220
117217433
117217557
117217581
117217913
117217921
11721809X
117218200
117218286
11721857X
11721888X
117218995
117219029
117219053
117219096
117219347
117219738
117219894
117219924
117220000
117220035
11722023X
117220264
117220361
117220418
117220752
117220760
117220892
117220930
117220973
117221015
11722118X
117221228
117221260
117221414
117221678
117221775
117221805
117221856
117222364
117222674
117223050
117223190
117223-2
117223638
117223751
117223794
117223816
117223840
117223875
117223913
117224367
117224537
117225215
117225398
117225487
117225703
11722572X
117225835
117225983
117226033
117226297
117226335
117226424
117226548
117226769
117226777
117226831
117226971
117227099
117228141
117228486
117228729
117229032
117229156
117229253
117229490
117229733
117229784
117230065
117230081
117230308
117230316
117230553
11723091X
117230979
117231126
117231223
117231320
117231371
117231541
11723155X
117231630
117231770
117232076
117232696
117232815
117232939
117233102
117233145
117233323
117233447
117233528
117233730
117233986
11723401X
117234052
117234311
117234494
11723463X
11723477X
117234869
117235253
117235288
117235385
117235962
11723611X
117236160
117237051
117237159
117237272
117237310
117237345
117237353
117237361
117237450
117237477
117237515
117237531
117237655
11723785X
117238104
117238287
117238317
117238724
117238740
117238929
117239089
117239119
117239275
117239321
117239550
117239879
117239887
117240230
117240281
11724063X
117240664
11724080X
117240842
117240869
117240966
117240974
117241016
117241067
117241393
117241431
117241598
117241687
117241849
117242160
117242225
117242268
117242578
117242799
11724287X
117242969
117243051
117243132
117243167
117243205
117243264
117243310
117243388
117243485
11724404X
117244120
117244481
117244546
117244864
117245518
117245666
117246417
11724645X
11724676X
117246794
117246883
117247383
117247731
11724774X
117247812
117247936
117247944
117247987
117248223
117249173
117249203
117249688
117249750
117250155
11725018X
117250732
117250813
117250856
117251054
117251178
117251208
117251232
117251283
117251496
117251534
117251542
117251593
117251720
117251739
117251763
117251879
117251895
117251992
117252018
117252174
117252301
117252328
117252360
117252417
117252581
117252638
117252700
117252832
117252891
11725293X
117253006
117253278
117253685
117254290
117254304
117254363
117255343
117255556
117255610
117255637
117255831
11725598X
117256285
11725634X
117256463
117256560
117256986
117257060
117257184
117257370
117257400
117257427
117257451
11725746X
117257923
117257931
117258113
11725813X
117258709
117258725
11725875X
117258784
117258873
117259012
117259217
11725942X
117259535
117259608
117259977
117260118
117260304
11726038X
117260398
117260444
117260584
117260592
117260622
11726136X
117261386
117261521
117261858
117262099
117262277
117262560
117262595
117262617
11726265X
117262684
117262730
117262781
117262889
117262951
11726315X
117264083
117264350
117264563
11726461X
117264784
117265497
11726623X
117267821
117267872
117268054
117269174
117269212
117269239
11726931X
117269395
117269425
117269549
117269646
117269670
117269794
117269859
117269999
117270156
117270199
117270253
117270504
117270555
117270563
11727058X
117270644
117270792
11727092X
117271020
117271160
117271209
117271233
11727139X
117271497
117271500
117271632
117271640
117271659
117271691
117271810
117272183
117272477
117272612
117272647
117272671
117272914
11727304X
117273074
117273422
117273503
117273619
117274003
117274542
117274666
117275042
117275158
117275344
117275433
117275441
11727562X
117275719
117275735
117275816
117275859
117275883
117276065
117276278
117276294
11727643X
117276561
117276618
117276790
117276871
11727710X
117277150
117277266
117277320
117277479
117277541
117277789
117277797
11727786X
117277983
11727805X
117278122
117278130
117278173
117278211
11727822X
117278394
117278637
117278734
117279005
117279056
117279226
117279234
117279501
117279730
117280755
11728078X
117280941
117281042
117281107
117281166
117281190
11728131X
117281514
117281603
117282286
117282405
117283258
117283622
117285013
11728548X
117286052
117286877
11728761X
11728775X
11728811X
117288195
117288462
117288519
117288543
117289264
117289337
117289833
117290041
117290076
117290238
117290610
117290629
117290661
117290785
11729098X
117291013
117291137
117291196
117291250
11729134X
11729182X
117291897
117291900
117291927
117291943
11729196X
117291986
117292117
117292222
117292230
117292389
117292478
117292575
117293156
117293326
117293407
117293598
117293725
11729389X
117294187
117294292
117294373
117294527
11729490X
117295086
117296082
117296430
117296503
117297550
117298085
117298395
117298433
117298670
117298867
117298875
117299065
117299081
117299138
117299200
117299324
117299812
117299847
117300187
117300322
117300365
117300403
117300551
117300772
117300802
117300934
117301183
117301310
117301361
117301639
117301744
117301760
11730235X
11730252X
117302643
117303011
117303070
117303259
117303623
117303704
117305227
117305448
11730624X
117306452
117306460
117306657
117306738
117306940
117306959
117307017
117307122
117307130
117307556
117307599
117307610
117307742
117307831
117308048
117308110
117308153
117308269
117308277
117308455
117308536
117308552
117308773
117309087
117309168
117309303
117309524
117309540
11731109X
117311332
117311634
117311723
117311901
11731191X
117311952
117312355
117312576
117312797
117312800
117313963
117314323
117314471
11731451X
117314544
117314943
117315044
117315141
117315206
117315540
11731577X
117315788
117316067
117316105
11731627X
117316458
117316466
117316768
117316822
117316903
117317047
11731711X
117317632
117318639
117318744
117318752
117319562
117319600
117319767
117319813
117319848
117320285
11732065X
117320692
117320730
117320757
117320943
117321516
117321842
117321850
117321974
117322571
117322997
117323268
117323446
117323462
117323772
117324043
117324213
11732633X
117326518
117326658
117326720
117326771
117326895
117327077
117327204
117327816
117328839
11732888X
117329150
117329274
117329282
117329517
117329622
117329657
117330132
117330205
117330353
117330388
117330485
117330582
117330620
117331651
117331856
117332062
117332151
117332194
117332380
117333042
117333352
117333646
117333956
117334081
117334855
117335037
117336319
117336661
117336688
117337145
117337927
117338664
117338893
117338915
117338923
117339504
117339539
117339679
117340022
117340081
117341304
11734138X
117341711
117341878
117342882
117343595
117343684
117343935
11734415X
117344567
117344664
117344699
117344788
117344907
11734494X
117345172
117345180
117345296
117345377
117345857
117345881
117345997
117346071
117346187
117346470
117346543
117346632
117346748
117347116
117347132
117347159
117347566
117347612
117347957
117348619
11735032X
11735077X
117351679
117354007
117354325
117354589
117354694
117354902
117355631
117356050
117356107
117356379
117356433
117356638
117356662
117356786
117357103
117357332
117357383
117357588
117357839
117358746
117359084
117359335
117359483
117360538
117360562
117360570
117360627
117360767
117360856
117360996
117362573
117362743
117362751
117362840
117363626
117363855
117364010
11736455X
117364835
117364940
117365475
117365734
117366021
117366110
117366587
117366714
117366722
117366889
117367141
117367788
117368148
117368644
11736875X
117369705
117369772
117369918
117370274
117370320
117370681
117370762
117371092
117371319
117372951
117373192
117373311
117373-X
117374423
117374806
117375209
11737573X
117375993
117376302
117376388
117376426
117376523
117376558
11737671X
117376876
11737704X
117377147
117377244
117377295
117377465
117377538
117377600
117377856
117378445
117378550
117379069
117379115
11737931X
117379689
117379700
117379735
117379816
117379921
117380261
117380296
117380377
117380695
117380717
117380792
117380814
117381047
117381098
117381209
117381381
117381675
11738240X
117382817
117382833
117382949
117383066
117383384
117383791
117384097
117384259
117384461
117384593
11738464X
117384860
117384984
11738528X
117385549
117385727
117385824
11738593X
117386006
117386014
117386057
117386510
117386979
117387096
117387142
117387320
117387339
117387347
117387398
117387533
117387541
117387681
11738772X
117387770
117387886
11738822X
117388297
117389013
117389412
117389463
11738948X
117389749
117389919
117390038
117390089
117390577
11739064X
117390674
117390720
11739100X
117391468
117391786
117392618
117392650
11739386X
117394017
117394068
117394262
11739467X
117394750
117394777
117394807
11739484X
117394874
117395048
117395056
11739520X
117395315
117395412
117395439
117395471
117395587
117395595
117395609
117395668
117395811
11739601X
117396508
117396567
117396605
117397032
11739730X
117397350
117397660
117397768
117397822
117398047
117398101
117398209
117398217
117398497
117398810
117398845
117398896
11739906X
117399213
117399450
117399973
117400033
117400130
117400149
117400467
117400491
117400513
117400564
117400637
117400777
117400904
117400912
117400955
117401072
117401234
117401285
117401293
117401331
11740151X
117401625
117401633
117401641
117401722
117401846
11740201X
117402044
117402273
117402567
117402656
117402834
117402877
117402907
117403040
117403393
117403474
117403571
117403636
117403717
117403725
117403814
117403830
117403903
117404020
117405175
117405779
117406074
117406139
117407070
11740747X
117407925
117408190
117408220
117408573
117408611
117408700
117408794
117409030
117409308
117409456
117409472
117409588
11740960X
117409634
117409669
117409774
117409782
11740988X
11740991X
11741011X
117410403
11741056X
117410691
117410748
117410853
117410926
117411183
117411302
117411329
117411361
11741171X
117411736
117411841
117411868
117411892
117411922
117412007
11741204X
117412074
117412147
11741218X
117412198
11741221X
117412317
117412376
117412546
117412600
117412724
11741297X
117413054
117413070
117413089
117413100
117413127
117413135
117413526
117413755
11741381X
117413836
117414190
117414255
117414468
117414662
117414689
117414778
117414840
117415138
117415405
117415421
11741624X
117416487
117416894
117416924
117416932
117417181
117417300
117417378
117417394
117417572
117417580
117417912
117417963
117418307
117418498
117418536
117418641
117418722
117418943
117419109
117419214
117419370
117419400
117419907
117419915
11741994X
117420247
117420425
117420492
117420573
117420638
117420654
117420972
117421049
117421227
117421243
11742160X
117422452
117422479
117422533
117423092
117424080
117424285
11742482X
117424900
117425222
117425389
117425672
117425842
117425974
117426059
117426229
117426482
117426865
117426938
117427292
117427748
117427888
117427934
117428272
117428310
117428442
117428647
117428752
117428809
117429139
117429163
11742921X
117429910
117429961
117430145
117430226
117430501
11743051X
117430676
11743082X
117430862
117430870
117430889
117430919
117431176
117432474
117432563
117433594
117435325
117435449
117435813
117435848
117435945
117436445
117436526
117436666
117436674
117436879
117437026
117437042
117437085
117437239
117437387
117437417
117437468
117437530
117437557
117437581
117437875
117437905
11743907X
117439134
117439312
117439460
117439479
11743955X
117439568
117439584
117439657
117439681
117439703
117439975
117440272
117440310
117440337
11744037X
117440663
117441031
117441058
117441090
11744121X
117441511
117441694
117441791
117441848
117441880
117442003
11744233X
117442461
117442488
117442704
11744278X
11744281X
117442895
117443018
117443050
117443212
117443271
117443417
11744345X
117444154
117444227
117444316
117444952
117444960
117445045
11744507X
117445231
117445320
117445614
117445622
117445673
117446025
117446076
117446157
117446327
117446335
117446475
117446602
117446807
117446815
117447129
117447323
117447447
117447455
117447463
11744748X
117447722
117447897
117448001
117448095
11744913X
117449148
11744989X
117449903
117449962
117450022
117450057
117450073
117450235
117450812
117450944
117451096
117451231
117451312
117451363
117451401
117451789
117451819
117451932
117452017
117452041
117452173
117452203
117452246
117452289
117452297
117452300
117452386
117452416
117452548
117452629
117452645
117452696
117452793
117452998
117453005
117453013
117453021
117453072
117453080
117453382
117453412
117453471
11745351X
117453633
117454338
117454664
11745480X
117454877
117455296
117455385
117455474
117455687
117455784
117456268
117456322
117456446
117456489
117456586
117456624
117456667
117457205
117457507
117457523
117457566
117457574
117457590
117457744
117458155
117458201
117458333
117458449
117458627
117458643
117458996
11745916X
117459321
11745933X
117459461
117459666
117459771
117459798
117459852
11746001X
117460095
117460257
117460354
117460575
117460761
117461083
117461164
117461288
117461520
11746161X
117461989
117462268
117462349
117462357
117462411
11746242X
117462470
117462489
117462535
117462748
117462942
117463159
117463264
117463515
117464007
117464236
117464260
117464368
117464392
117464457
117465399
117465704
117466506
117467146
117467375
117467642
117469408
117469580
117470171
11747018X
117470902
117471003
11747102X
117471046
117471518
117471542
117471623
117471658
117471712
117471763
11747195X
117472107
117472387
117472514
117472565
117472581
117473103
117473138
117473359
117473774
117473847
117473863
117474819
117475300
117475408
117475653
117475785
117475890
117476080
117476293
117476307
117476323
117476374
117476439
117476501
117476714
117477567
117478075
117478288
117478458
117478520
117479152
117479373
117479780
117479837
117479861
117479985
117479993
117480010
117480061
117480088
117480118
117480371
117480525
11748055X
117480614
11748072X
117480754
117480835
117480894
117481017
117481068
117481106
117481335
117481572
117481645
11748170X
117481718
117481726
117481785
117481831
117481947
11748234X
117482609
117482706
117482749
117482838
117482986
117483001
117483044
117483079
117483117
117483281
117483397
117483761
117483796
117483958
117484067
11748413X
117484210
117484288
117484350
117484601
11748461X
117484636
117484792
117484881
117484946
117484954
117484970
117485241
117485276
117485365
117485411
117485519
117485586
117485594
117485659
117485675
117485713
117486078
117486159
117486213
117486272
117486434
117486442
117486639
11748671X
117486787
117486841
117486868
117487457
117487503
11748802X
117488186
117488844
117490067
117490180
117490199
117490385
117490539
117490563
117490911
117490946
117491055
117491098
117491160
117491195
117491330
117491454
117491519
117491616
117491950
117492051
117492205
117492213
117492248
117492574
117492590
11749318X
117493198
117493252
117493260
117493295
117493376
117494038
117494151
117494240
117495093
117495204
117495301
117495972
117495999
117496006
117496375
117497193
117497452
117497738
117498351
117498920
117499064
11749917X
117499269
11749965X
117500542
117500577
117500674
117500798
117500844
117502065
117502359
117502855
117504327
117504424
11750467X
117505471
117506885
11750727X
117509760
117511498
117511560
117512796
117513725
117513962
117514195
117514470
117515035
117515094
117515434
11751716X
117517178
117517666
117519243
117519456
117521221
117521582
117521841
117522597
117524204
117526029
117527483
11752817X
117528560
117528862
117529222
117529966
117530247
117530832
117531308
11753238X
117533300
117534854
117536296
117538299
117539422
117541907
11754194X
117542040
117542547
117543136
117543160
117546852
117547514
117548162
117548324
117550418
117551139
117552607
117553735
117554677
11755510X
117555142
117555355
117555800
117555916
117556122
117556556
117557374
117558869
117559180
1175597120
117560405
117561940
117562408
117562866
117562882
117563161
117563293
117564028
117564397
117565571
117565938
117566071
117568414
117569380
117569585
117569844
11756995X
117569968
117570184
11757046X
117570605
117571326
117571741
117573159
117573302
117573434
117573493
117573507
117575194
117575224
117575283
117575321
117575410
117575429
117575488
117575585
117575623
117575631
117577103
117577189
117577367
117577405
117577529
117579998
117580104
117580139
117580252
117580473
117580481
117580724
117581488
117582255
117584630
117584681
117584975
117585556
117585688
117586374
117586390
117587362
117588245
117588288
117588407
117588504
117588563
117588660
117588792
117588881
117588946
117589004
117589209
11758939X
117590606
117590916
117590932
117591033
117591114
117591130
117591289
117591408
117591696
117592544
117592552
117592579
117592692
117592757
117593893
117594369
117594806
117594989
117595845
117596256
117596620
117596647
117596760
117596787
117596914
117597023
117597031
117597260
117597295
117597309
117597457
117597511
117597732
117597953
117598038
117598127
117598305
117598577
11759931X
117600660
117601977
117601985
117602027
117602035
117602043
117602205
117602329
11760237X
117602418
117602450
11760402X
117604259
117604496
117604607
117604623
117604658
117604690
11760545X
117607010
117607614
117608017
117608092
117608106
117608246
11760836X
117608491
11760870X
117608866
117609145
117609757
117609854
117609870
117609897
117610283
117610720
117610844
117610992
117611158
117611298
117611336
117611425
117611484
117611506
117611662
117612456
117612502
117614734
117615463
117617628
117620068
117620971
117621870
117622060
117622990
117623970
117624047
117625701
117625906
117625957
117629871
117629979
117630640
117630934
117631426
117632104
117633550
117633860
117633917
117634751
117634832
117634905
117635960
117636940
117636983
117637157
117638250
117638765
117639060
117639176
117639362
117639974
117641936
11764224X
117642762
117644358
1176450778
117648035
11764823X
117649368
117649910
117650064
117651575
117652296
117652806
117655449
117657867
117658081
117658316
11765843X
117659320
117659835
117659886
117659959
117661090
117661643
117663026
117663549
11766376X
117664723
117664979
11766605X
117667102
117668389
117668745
117670081
117670251
117670820
117670944
117672319
117673072
117676640
117676853
117677612
117678651
117679488
117681865
117682683
117684392
117685062
11768595X
117686042
117686662
11768676X
117689262
117689491
117690317
117690678
11769164X
117692085
117692328
117692344
117694908
117697516
117698326
117699039
117699098
117700185
117700355
117701297
117703575
117705438
117712418
117716006
117716111
117719412
117722758
117728195
117728799
117728896
117731250
117731269
117731331
117731366
117731927
117731935
117732001
117732257
117732346
117732400
117732486
117732656
117735310
117735361
117735728
117735809
117736074
117736082
117736562
117738131
117739170
117739324
117740942
117741507
117741558
117743704
117744182
117749249
117749540
117750174
117751278
117751294
117751308
117751987
117755206
117756229
117756342
117757292
117758884
117758914
117758973
117759082
117760161
117760501
11776079X
117760951
11776180X
117762202
117762687
11776406X
117765910
117766526
117767697
117768022
117768227
117768774
117768839
117768936
118012215
118049240
118052357
11805399X
118057332
118059300
118094319
1181130263
118121162
1181347122
1181352932
118148281
118158988
118159038
118164201
118170376X
1181725364
118176285
11817634X
118185802
1182329934
1182355463
1182583792
118500465
118500651
118500694
118500775
118501402
118501437
118501860
118502107
118502255
118502794
118502808
118502840
118502859
118503146
118503316
11850357X
118503634
118503715
118503839
118504118
118504185
118504266
118504398
11850505X
118505076
118505378
118505505
11850553X
118505831
118505904
118505955
118506153
118506285
118506358
118506390
118506439
118506617
118506625
118506684
118506803
118506811
118506900
118506943
118507206
118507303
118507400
118507605
118507788
118507796
118507877
118508008
118508024
118508121
118508210
118508288
118508393
118508466
118508474
118508660
118508849
118509039
118509047
118509136
118509322
11850939X
118509470
118509675
11850990X
118509969
118510010
118510169
118510320
118510339
118510444
118510460
118510533
11851055X
118510592
118510665
11851069X
118510762
118511076
11851136X
118511378
118511440
118511459
118511653
118511688
118511882
118511947
118511963
118511971
118512099
118512129
118512293
118512315
118512374
118512528
118512552
118512587
118512609
118512625
118512676
118512749
118512773
118512978
11851301X
118513109
118513168
118513435
118513621
118513818
118514067
118514245
118514253
118514261
118514504
118514709
118514733
118514814
118514881
118514962
118515055
118515454
118515470
118515497
118515500
118515624
118515705
118515780
118515799
118515802
118515853
118515926
118516329
118516434
118516655
118516663
118516809
11851685X
118516884
118517023
118517031
118517090
118517104
118517147
118517155
118517252
118517384
11851752X
118517554
118517686
118517821
118517848
118517872
118517880
118517929
118518011
11851802X
118518291
118518399
118518569
118518704
118518836
118518860
11851900X
118519131
118519182
118519352
118519409
118519840
118519859
118519891
11851993X
118519980
118520040
118520237
118520377
11852044X
118520512
118520555
118520679
11852089X
118521039
118521098
118521101
118521128
118521187
118521195
118521330
118521349
118521411
118521527
118521608
11852173X
118521861
11852190X
118521926
118522078
118522140
118522213
118522256
118522310
11852237X
118522396
11852240X
118522450
118522469
118522477
118522558
118522639
118522779
118523058
118523066
118523147
118523368
118523384
118523392
118523406
118523414
118523449
118523457
118523481
118523511
118523848
118523872
118524097
118524186
118524208
118524283
118524399
118524550
118524933
118525239
118525336
118525700
118525751
118525964
118526103
118526162
118526189
118526200
118526243
11852643X
118526804
118526952
118527037
11852710X
118527541
11852755X
118527665
118527681
118527940
11852805X
118528068
118528122
118528262
118528572
118528580
118528599
118528610
118528661
118528696
11852870X
118528750
118529072
118529129
118529390
118529412
118529595
11852965X
118529706
118529803
118529838
118529897
118530062
118530267
118530313
118530488
118530534
118530666
118530682
118530712
118530755
118530852
118530895
118530909
118530925
118531042
118531131
118531158
118531212
118531352
118531522
118531727
118531794
118531824
118532073
118532162
118532197
118532308
118532324
118532510
118532715
118532723
11853274X
118532758
118532766
118532871
11853307X
118533649
118533738
118533754
118533886
118534262
118534556
118534661
118534955
118535013
118535099
118535269
118535501
118535560
118535609
118535633
118535641
118535668
118535749
118535951
118535986
118535994
11853601X
118536109
118536303
118536419
118536427
118536931
118537083
118537458
118537490
118537733
11853811X
118538179
118538195
11853839X
118538489
118538500
118538721
118538861
118538918
118539051
118539094
118539256
118539957
118540084
118540130
118540149
118540157
11854019X
118540211
118540238
118540343
118540378
118540386
118540548
118540556
118540629
118540661
118540688
118540696
118540777
118540939
118540963
118541137
118541234
118541293
118541307
11854134X
118541358
118541374
118541579
118541587
118541676
118541951
118542001
118542079
118542087
118542141
118542192
118542249
118542257
118542265
118542443
118542656
118542664
118542699
118542761
118543105
118543199
118543237
118543520
118543539
118543830
118543938
118544039
118544136
118544306
118544381
118544411
118544551
118544772
118544918
118545043
118545124
118545167
118545205
118545213
118545426
118545450
118545809
118545825
118545892
118546058
118546198
118546252
118546309
118546341
118546643
118546767
118546910
118546937
118547003
118547119
118547305
118547445
118547488
118547607
118547739
11854778X
11854795X
118547976
118548034
118548239
118548549
118548662
118549006
118549316
118549383
118549774
118550039
118550071
11855008X
118550128
118550268
11855042X
118550470
118550578
118550616
11855073X
118550772
118550934
118551132
11855123X
118551256
118551264
118551450
118551655
118551663
118551817
118551922
11855199X
118552015
118552260
11855249X
118552627
118552708
118552759
118552848
118552902
118553208
118553216
118553321
118553720
118553739
118554107
118554174
118554190
118554336
118554492
118554514
118554654
118554700
118554727
118554751
11855476X
118554948
118555006
118555049
118555111
118555162
118555286
118555308
118555316
118555324
118555367
118555537
118555960
11855610X
118556312
118556452
118556657
118556894
118557017
11855736X
118557408
118557432
118557440
118557696
118558455
118558587
118558730
118558862
118559389
118559427
118559559
118559605
118559737
118559915
11856014X
118560190
118560328
118560565
118560743
118560751
118560808
118561057
118561065
118561162
118561286
118561316
118561359
118561456
118561529
118561545
11856157X
118561596
118561715
118561723
118561979
11856224X
118562681
118563076
118563165
118563181
118563211
118563254
118563335
118563343
118563572
118563629
11856370X
118563890
118564110
118564145
118564196
118564269
118564455
118564463
11856448X
118564501
118564722
118564765
118564803
118564943
118564978
11856529X
118565346
118565354
118565796
118565915
118566024
118566245
118566288
118566342
118566520
118566636
118566806
118566997
118567020
118567241
118567284
118567365
11856773X
118567764
118567780
118568051
118568124
118568256
118568280
118568930
118568949
118569015
118569236
118569317
118569481
118569503
118569732
118569848
118569872
118569910
118570080
118570129
118570153
118570226
118570293
118570323
118570390
118570439
118570617
118570641
118570951
118571036
118571095
118571117
118571222
118571338
118571370
118571419
118571508
118571516
118571559
118571648
118571672
118571680
118571729
118571869
118571877
118571893
118572105
118572121
118572148
118572377
118572393
118572423
118572520
118572601
118572628
118572652
118572679
118572695
118572717
118572741
118572865
118572911
118572954
11857311X
118573179
118573241
118573284
118573349
118573454
118573489
118573519
118573527
118573543
118573829
118573845
118573861
118573934
118574159
11857423X
118574345
118574469
118574841
118574884
118574892
118574949
118575155
118575422
118575430
118575449
118575538
118575910
118576291
11857633X
118576380
118576933
118577131
118577166
118577565
118577662
118577697
118577824
118578189
118578723
118579347
118579371
118579398
11857941X
118579428
118579436
118579541
118579754
118579959
118580140
118580485
118580566
118580728
118580779
118580914
118580949
118581147
118581465
118581635
118581945
118582046
118582070
118582151
11858216X
118582178
118582267
118582291
118582453
118582518
118582542
118582682
118582712
11858281X
118582925
118582968
118582992
118583107
118583123
11858314X
118583174
118583204
118583387
118583417
118583425
118583654
118583719
118584057
118584162
118584596
118584685
118584693
118584758
118584790
118584871
118585045
118585053
118585061
118585231
11858524X
118585509
118585525
11858555X
118585630
118585738
118585754
118586076
118586173
118586378
118586416
118586491
118586653
118586939
118587234
118587250
118587382
118587420
118587439
11858751X
118587552
118587668
118587722
118587773
118587900
118587943
118587951
118587986
118588478
118588494
118588583
118588990
118589555
118589717
11858975X
118590219
118590243
118590502
118590537
118591339
118591568
118591940
118592335
118592610
118592858
118592912
118593005
118593196
118593277
118593404
118593463
118593471
118593617
118593625
118593714
118593951
118594117
118594206
118594257
118594532
118594559
118594729
118594745
118594753
11859480X
118594818
118594869
118595245
118595474
118595822
118595954
118596225
118596381
118596403
118596411
118596438
118596497
118596713
11859687X
118596969
118597019
118597086
118597159
118597175
118597256
118597299
118597302
118597434
118597442
118597612
118597620
118597671
118597779
118598031
118598058
118598104
118598279
118598430
11859852X
118598538
118598546
118598619
118598775
118598783
118598821
118598864
118598988
11859916X
118599259
118599364
118599402
118599437
118599593
118600028
118600400
118600486
118600818
118600826
118600850
118600877
118600915
118600966
118601008
118601024
118601121
11860113X
118601172
11860130X
118601326
118601644
118601709
118601717
118602004
118602055
11860208X
118602136
118602217
118602225
118602330
118602551
118602608
118602667
118602691
118602713
118602721
118602985
118603175
118603183
118603248
118603329
118603345
118603426
118603493
118603817
11860385X
118603930
118603949
118603973
11860399X
118604023
11860421X
118604236
118604562
118604570
118604678
118605240
118605747
118605917
118605941
11860595X
118606042
118606115
118606360
11860645X
118606662
118606824
118606832
118606964
118606980
118607057
118607200
11860743X
118607626
118607812
118607871
118607960
118608096
118608215
118608347
118608533
118608606
118608746
118608770
118608886
118608916
118609009
118609505
118609793
118609807
118609815
118609823
118610023
118610163
118610236
118610392
11861066X
118610740
118610937
118610961
118611135
118611216
118611291
11861133X
118611585
118611593
11861164X
118611666
118612271
118612409
118612425
118612603
118612611
118612689
118613154
118613219
118613960
118614258
118614339
118614436
118614576
118614584
118614592
118614703
118614754
118614940
118614959
118615017
118615173
118615238
118615424
118615769
118615874
118615904
118615998
118616056
118616099
118616110
118616145
118616188
118616196
118616250
118616277
118616307
118616358
118616366
118616374
118616390
118616455
118616471
118616617
118616641
118616692
118616803
118616900
118617109
118617133
118617273
118617281
118617478
118617559
118617672
118617818
118618113
118618172
118618229
118618431
118618644
118618679
118618725
118619004
118619055
118619063
11861908X
11861911X
118619543
118619853
118620126
118620223
118620517
118620614
118620770
118620967
118622005
118622064
118622072
118622285
118622323
118622358
118622404
118622552
118622684
118622838
118622935
118623230
118623443
118623761
118624377
11862475X
118624997
118625063
118625624
118625756
118626167
118626361
118626418
118626868
118626876
118627198
11862721X
118627457
118627503
11862752X
118627546
11862783X
118627910
118627988
118628011
118628038
118628216
118628232
118628356
118628410
118628429
118628852
118628879
11862914X
118629387
118629646
118629662
118629743
118629786
118629867
118630016
118630083
118630202
118630229
11863027X
118630288
118630407
118630431
118630458
118630563
118630725
118630741
11863075X
118630830
118630849
118631853
118631977
118632396
118632477
118632752
118632817
118632833
118632841
118632884
118632892
11863318X
118633430
118633449
11863352X
118633600
118633635
118633643
118633678
118633716
118633783
118633848
118633953
118634054
118634062
118634224
118634380
118634488
118634496
118634712
118634771
11863478X
118634844
118634895
11863495X
118634976
118635298
118635646
118636278
118636421
118636782
118636804
118636812
118636847
118636863
118636979
118637037
118637045
118637312
118637452
118637460
118637843
118638327
118638475
118638513
118638793
118638904
118639080
118639366
118639471
118640348
118640496
11864064X
118641166
118641662
118641689
118641891
118642022
118642375
118642405
118642731
118642936
118643231
11864372X
118643738
118643967
11864453X
11864498X
118644998
118645056
118645110
118645277
11864582X
118646168
118646192
118646346
118646370
118646524
118647083
118647709
118647792
11864792X
118648071
118648462
118648594
118649124
118649361
118650505
11865103X
118651102
118651110
118651129
118651137
118651218
118651455
118651706
118651978
11865215X
118652230
118652257
118652516
118652575
118652621
118652702
11865280X
118652818
118652931
118652990
118653032
118653407
118653628
118653709
118653857
118653881
118653938
118653946
118654020
118654071
118654292
118654624
118654691
118654756
118654853
118654861
118654918
118655027
118655086
118655272
11865537X
11865540X
118655434
118655671
118655795
118655809
118656104
118656155
118656317
118656414
118656449
118656562
118656651
118656759
118656910
118656961
118656996
118657070
118657372
118657569
118657623
11865764X
118657836
118657887
118657917
118658085
118658166
118658174
118658476
118658530
118658727
118658816
118658859
118658875
118659111
11865912X
118659200
118659308
118659332
118659367
118659472
118659561
118659839
118659928
118660276
118660284
118660292
118660349
118660470
118660691
118660748
118660764
118660896
118660934
118660985
118661078
118661299
118661396
118661434
118661515
118661604
118661620
118661833
118661957
11866199X
118662449
118662473
118662619
118662708
118662805
11866297X
118663291
118663313
118663453
11866350X
118663526
118663542
118663593
118663631
118663763
118663909
118664034
118664077
118664263
118664352
11866445X
118664468
118664638
118664727
118664867
11866493X
118664980
118665235
118665448
11866560X
118665774
118665995
118666835
118667424
118667734
118667874
118667882
118667890
118667904
118667939
118667955
11866798X
118667998
118668005
118668056
118668285
118668676
118668900
11866901X
118669109
118669117
118669281
118669486
118669605
118669761
118669915
118669923
118670042
118670158
118670166
118670395
118670697
118670743
118670913
118671375
118671383
118671928
118671979
118672169
118672193
118672533
118672649
118673475
118673513
11867353X
11867384X
118673874
118673882
118673998
118674048
118674129
118674196
118674501
118674609
118674676
118674951
118676067
118676342
118676423
118676504
118676687
118676768
118676806
118676873
118676903
118676938
118677004
118677012
118677330
11867742X
118677438
118677578
118677624
118677667
118677802
118677861
118677977
118678167
118678302
118678329
118678647
118678973
118679104
118679228
118679236
118679856
118680048
118680080
118680145
118680412
118680552
118680846
118681362
118681451
118681524
118681559
118681567
118681818
118681842
118681885
118681907
118682016
118682032
118682059
118682261
118682326
118682334
118682342
118682555
118682636
118682857
118683551
118683632
118683667
118683675
118683829
118684639
118684663
11868468X
118684795
118684809
11868485X
118684876
118685058
11868518X
118685228
118685279
118685414
118685562
118685570
118685996
118686720
118686763
118686852
118687018
118687026
118687301
118687476
118687581
118687611
118687840
118687859
118688006
118688189
118688383
118688634
118688707
118688790
118688839
118688863
118689150
118689223
118689304
118689355
118689789
118689797
118690027
118690590
118690787
118690868
118690949
118691147
118691333
118691457
118692011
118692046
118692062
118692127
118692135
118692283
118692445
118692712
118692925
118692984
118693050
118693271
118693441
11869362X
118693840
118693956
118693972
118693980
118694022
118694065
11869409X
118694146
118694162
118694170
118694472
118695061
118695371
118695460
118695533
118695797
118695916
118695983
11869605X
118696262
118696300
118696327
11869636X
118696475
118696599
118696653
118696661
118696882
118696912
118697005
118697064
118697188
118697196
118697242
118697455
118697498
118697560
118697641
118697676
118697765
118697773
118697811
118697854
118698257
118698389
118698508
118698575
118698737
11869894X
118699210
118699520
118699741
118699962
118699970
118700103
118700502
118700839
118701053
118701096
118701223
118701355
118701363
11870155X
118701568
118701630
118701711
118701886
118702343
118702599
118702866
118702955
118703196
118703234
118703242
118703501
118703706
118703714
118703951
118704273
118704281
118704605
118704931
118705172
118705334
118705695
118706101
118706314
118706640
118706888
118707078
118707175
118707191
118707248
118707280
118707469
118707965
118708058
118708082
118708104
118708198
118708244
118708309
118709097
118709445
118709798
118709925
118709941
118710036
118710060
118710168
118710281
118710605
118711113
118711148
118711245
118711296
11871144X
118711725
118711849
118711873
118712225
118712373
118712853
118712934
118713434
118713477
118713507
118713566
118713698
11871399X
118714325
118714570
118714864
118715054
118715100
118715224
118715399
118715488
118715585
11871578X
118715860
118715887
118715917
118715941
118715992
11871600X
118716115
11871631X
118716611
118716670
118717030
118717049
11871712X
118717367
118717758
118717790
11871788X
118717928
118717995
118718029
118718037
118718312
118718355
118718460
118718487
118718657
118718746
118718762
118718797
118718835
118718924
118718983
118718991
118719009
118719025
118719033
118719092
118719106
118719181
118719475
118719491
118719807
11871984X
118719904
118720074
118720082
118720295
118720414
11872052X
118720694
118720791
118720856
118720961
118721259
118721321
118721402
118721429
118721461
118721682
118722026
118722220
118722298
118722417
118723081
118723154
118723413
118723448
118723642
118723650
118723707
118723928
118724010
11872410X
11872424X
118724282
118724320
118724797
11872505X
118725335
11872553X
118725610
118725645
11872567X
118725815
118725920
118725971
118726056
118726285
118726420
118726617
118726676
118726692
118726811
118726935
118727176
11872729X
118727303
118727478
118727559
118727648
118727699
118727702
118727753
118727788
11872780X
118727834
118727869
118727907
118728008
118728024
118728113
118728180
118728245
118728288
11872844X
11872858X
118728598
118728733
118728970
118729098
11872911X
118729136
118729179
118729225
118729365
118729373
118729438
118729446
118729500
118729578
118729667
118729683
118729918
11873069X
118730770
118730894
11873105X
118731092
118731416
118731521
118732056
118732528
118732579
118732609
118732641
118732676
118732692
118733028
118733141
118733540
118733699
11873377X
118733834
11873413X
118734180
118734261
118734547
118734563
118734601
118734628
118734865
118735020
118735098
118735179
118735225
118735365
118735438
118735543
118735551
118735861
118736450
118737074
118737082
118737104
118737147
11873721X
118737414
118737422
118737449
118737465
118737538
118737554
118737627
118737694
118737732
118737775
118738135
118738240
118738674
118738852
118738925
118738992
118739069
118739360
11873945X
118739530
118739557
118739603
118739883
118740059
118740652
118740709
118740776
118740814
11874092X
118741020
118741217
118741381
118741500
118741837
118742035
118742213
118742337
118742353
118742361
118742442
118742469
118742507
11874254X
118742647
118742906
118742981
11874304X
118743139
11874318X
118743627
118743678
118744046
118744062
118744127
118744186
118744275
118744305
118744453
118744461
118744488
118744542
118744550
118744739
118744798
118744828
118744836
118744984
118745085
118745182
118745239
11874528X
118745441
11874545X
118745468
118745565
11874562X
118745700
118745743
118745751
118746057
118746146
118746235
118746502
118746642
118746812
118746928
118747401
118748173
118748181
118748769
118748777
118748785
118748807
118749137
118749218
118749250
118749455
118749463
118749595
11874979X
118749935
118749943
118750011
118750038
118750178
118750291
118750321
118750372
118751433
118751484
118751719
118751832
118751867
118751883
118751972
118751999
118752081
11875212X
118752138
118752146
118752197
118752243
118752278
118752340
118752448
118752464
118752472
118752510
11875257X
118752758
11875288X
118752987
118753029
11875310X
118753207
118753282
118753355
118753444
118753517
11875355X
118754165
118754211
118754262
118754548
11875470X
11875484X
11875503X
118755161
118755226
118755234
118755285
118755439
118755552
118755781
118755943
118755951
118756095
118756249
118757024
118757040
118757075
118757512
118757520
118757547
118757911
118758934
118759299
118759388
118759442
118759485
118759507
118759795
118760041
118760262
118760394
118760572
118760653
118761218
118761803
118761838
118761889
118761919
118762230
118762702
118762745
118762834
118762877
118763024
118763342
118763415
11876344X
118763946
118764152
118764497
118765183
118765205
118765809
118765833
118765841
118766058
118766090
118766287
118766325
118766384
118766406
118766422
118766570
118766732
11876683X
118766961
118766996
118767127
118767208
118767313
118767356
118767402
118767534
118767542
118767801
118767844
118768301
118768395
118768522
118768530
118768565
118768972
118769243
118769324
118769553
118769596
118769804
118769871
11876988X
118770004
118770012
118770411
118770489
118770500
118770764
118770772
118771027
118771272
11877137X
11877171X
118771760
118771841
118771914
118772066
118772112
118772120
118772589
118772597
118772643
11877266X
118772678
118772805
118772910
118773348
118773593
118773607
118773666
118773828
118773925
118774115
11877414X
118774247
118774255
11877428X
118774360
118774425
118774549
11877459X
118774654
118774794
118775189
118775480
118775685
118775782
118775960
118776029
118776045
118776223
118776495
118776509
118776533
118776614
118777025
118777149
118777300
118777459
118777483
118777505
118777572
11877767X
118777696
118777718
118777734
118777831
118777912
118777920
118777971
118778102
118778137
118778153
11877820X
118778234
118778404
118778862
118778919
118779249
118779257
118779281
118779362
118779451
118779559
118779605
118779680
118779737
118779745
118779761
118779788
118779877
118779893
118779923
11877994X
118779990
118780026
118780034
118780042
11878014X
118780166
118780212
11878028X
118780409
118780522
118780557
118780670
118780778
118781227
11878143X
118781677
118781871
11878191X
118781936
118782207
118782401
118782665
118782851
11878286X
118782932
118782959
118782967
118783165
118783688
118783696
118783726
118783831
11878384X
118783866
118783955
118783971
118783998
118784013
118784099
118784293
118784412
118784447
118784617
118784714
118784862
118784897
118784900
118785028
118785222
118785249
118785273
118785311
118785419
118786016
118786113
118786156
118786180
118786199
118786253
118786288
118786423
118786539
118786695
118787411
118787888
118787942
118787969
118788035
118788183
118788191
118788221
118788795
118789104
118789902
118790129
11879034X
118790374
118790382
118790471
118790536
118790544
118790927
118790935
118790951
118790978
118791117
118791281
118791303
118791486
118791508
118791605
118791737
118792237
118792431
118792652
118792679
118792822
118792849
118792865
118792954
118792970
118792997
118793063
118793152
118793276
118793284
118793292
118793322
11879454X
118794566
118794752
118794841
118794957
118795090
118795112
118795147
118795155
118795163
118795260
118795279
11879535X
118795406
118795414
118795449
118795481
118795686
118795961
118796089
118796569
118796704
118797026
118797115
118797123
118797174
11879731X
118797336
118797344
118797417
118797786
118797883
118797999
118798022
118798286
118798359
118798383
118798413
118798448
118798499
118798634
118798669
118798685
118798715
118798723
118798928
118798952
118799207
118799223
118799339
11879941X
11879972X
118800310
118800590
11880085X
118801066
118801201
118801945
118802828
118803204
118803395
118803476
118803484
118803638
118803824
118804243
118804332
118804375
118804448
118804928
118805193
11880524X
118805649
118805738
118805819
118805851
118805894
118805916
118805932
118806025
118806440
118806467
118806521
11880653X
118806548
118806580
118806653
118806726
118807250
118807501
11880751X
11880765X
118807803
11880782X
11880832X
118808346
118808443
118808478
118808508
118808524
118808818
118808826
118808850
118809229
118809334
118809407
118809466
118809571
118809709
118809733
118809873
118809962
118809989
118810081
118810596
118810669
118810898
118810901
118810979
11881110X
11881169X
11881205X
118812211
118812491
118812602
118812645
118813412
118813439
118813935
118814117
118814125
118814419
118815903
118816462
11881656X
118816632
118816829
118816969
118817205
118817884
118818252
11881897X
118819569
118819860
118820117
118820168
118820443
118820559
118821032
118821180
118821210
11882127X
11882189X
118822349
118822489
118822543
118822705
118822969
118823248
118823396
118823744
118823760
118824031
118824260
118824775
118824821
118825186
118825216
118825224
118826182
118826948
118827065
118827359
118827707
118827944
11882810X
118828606
118828649
118828738
118829130
11883035X
118830538
118830589
118831194
118831216
118831240
118831380
11883147X
118831518
118832018
11883245X
118833529
118833707
118833952
118834541
118834584
118834614
118835289
118835335
118835351
118835394
118835599
118835718
118837036
118837052
118837877
118838040
118838113
118838180
118838741
118838806
118840266
11884041X
118840452
118840819
118840827
118841378
118841424
118841491
118841726
118842439
118842528
118843842
118843982
118844040
11884444X
118844520
118844822
118845047
11884539X
118845446
118845527
11884556X
118846027
118846779
11884704X
118847104
118847767
118848127
118848526
118848895
118849921
118850067
118850210
118850326
118850415
118850768
118851128
118851160
118851659
118851764
118851977
118852027
118852086
118852213
118852337
118852671
118853066
118853279
11885478X
118855085
118855239
118856030
118856170
118856189
118857444
118858327
118860151
118860283
118860372
118861476
11886162X
118861638
118861735
118862014
118862944
118862979
118863371
118863533
118865668
118865900
118866737
118867652
118867733
118867865
118868306
11886842X
118868705
118868721
118868861
118868918
11886906X
118869272
118869345
118869612
118870068
118870556
118870645
118870912
118871404
118871498
118871668
118871811
118872354
118872672
118874470
118874942
118876430
118877364
118878336
118878484
118878921
118879006
118879057
118879790
118880160
118880306
118880314
118880608
118880756
118881051
118881094
118881159
118881892
118882317
118883143
118883313
118883712
118883917
118883933
118885235
118885898
118886568
118886576
118886649
118886800
118887262
118887327
118888455
118889230
118889966
118890220
118890271
11889028X
118890794
118890875
118890883
118891057
11889112X
118891634
118891863
11889191X
118891987
118892320
118893416
118893750
118894242
118894358
118895923
118896865
118897411
118897845
118898078
118898809
118899112
118900765
11890129X
118901397
118901834
118903861
118904205
11890440X
118904760
118904779
118905759
118906143
118906216
118906232
118907026
118907131
118907417
118908138
118908545
118908790
118909177
118910094
118910566
118911031
118911473
118911740
118911996
118913565
118913581
118913786
11891457X
118914766
118916920
118917307
11891779X
11891796X
118918184
118919067
118919555
118919717
118920405
118920464
118920588
118920677
118922831
118923935
118924265
118925512
11892575X
118926179
118926802
118927086
118927507
118927663
118928708
118928821
11892883X
118930435
118930583
118930710
118931458
118931504
118931725
118931873
118931911
11893192X
118932748
118932756
118933299
118934783
118934880
118935127
11893547X
118935763
118936786
118937340
118937464
118939378
118939602
118940139
118940996
118941941
11894231X
118942905
118943324
118943383
118943774
118944371
118945092
118945521
118946129
118947230
118947443
118947974
118948229
118948326
118948954
118951009
118952439
118953354
118953915
118955403
118955918
118956817
118957449
118957457
118957732
118958070
118959255
118959379
118960407
118961446
118962361
11896271X
118964577
118965263
11896528X
118966901
118967029
118967177
118967223
118967592
118967703
118968173
118968378
118968408
118968556
118968572
118968599
118968696
118969420
118971034
118971263
118971603
118971611
118971646
118972375
118972723
118973061
118973088
118973258
118973614
118973630
118973649
11897422X
11897470X
118974742
118975773
11897582X
118975838
118976001
118976419
118976451
118977113
118977717
118978284
118979698
118980181
118980823
118982540
118983245
118983741
118983776
118983822
118984055
118985418
118986783
118986910
118986929
11898716X
118987224
118988107
118988654
118988999
11898926X
118989480
118989707
118989820
118990608
118991035
118991140
118991191
118991566
118992759
118992767
118993011
118993682
118993690
118993895
118995014
118995758
118996363
118998269
118998412
11899879X
119001314
119001632
11900190X
119002043
119002248
119002566
119002884
119003090
119003554
119004100
119004305
119006340
119006715
119006855
11900755X
119008017
119008319
119008394
119008645
11900870X
119008718
119009137
119010003
119010356
119010879
119011069
119011514
119014769
119014874
119015021
119015277
11901582X
119016206
11901680X
119017873
119018381
119019116
119019264
119020580
119020742
119021285
119021528
119021692
119022079
119022125
119022192
119022486
119023830
119025639
119025809
119026058
119026163
11902618X
119026678
119028638
119029650
119032406
119032414
119034425
11903459X
119034603
119034611
119034700
119034735
119034751
119034778
119034867
119034883
119034891
119034921
11903493X
119034948
119034956
119034964
119035987
119038862
119039826
119040425
119041634
119042193
119043572
119043602
119044706
119044765
11904675X
119047071
119049252
119049546
119050048
119050072
11905146X
119052857
119053063
11905325X
119053810
119054043
119054078
119054108
119054329
119055716
119056143
119056569
119056690
119057077
119057123
119057174
119057328
1190576910
119057832
11905907X
119059193
119059312
119059339
119059347
119059363
11905938X
119059444
119059452
119059517
119059525
119059622
119059630
119060159
119060361
119060590
119060612
119060914
11906104X
11906121X
119061341
119061457
119061600
119062518
119063425
119063522
11906362X
119063727
119064189
119065290
11906569X
119065932
119066092
119066807
119066882
119067501
119068133
119068141
119068389
119068435
119068443
119068710
119069261
119069563
11907074X
119071029
119072831
11907284X
119072858
119073420
119074044
119074079
119074117
119074206
119076063
119076551
119076802
119076950
119076993
119077027
119077094
119077442
119077558
11907771X
119078104
119078805
119079127
119079380
119079429
119079445
119079615
119080389
119080656
11908127X
119081989
119083175
119084392
119086395
119086492
119086662
119087650
119087855
119089726
119090058
11909018X
119091259
119091593
119092085
119092212
119093154
119093502
119094371
119095645
119096056
119096552
119096722
119096773
119097125
119097850
11909813X
119098512
119099403
11909990X
119100622
119100673
119101343
119101459
119101564
119102544
119102714
119103354
119105225
119106051
11910654X
119106868
119107252
119107988
119108208
11910847X
119109468
119109972
119110679
119112469
119113309
119114445
119114658
119115174
119115204
119115212
119115301
119115387
119116138
119116189
119116898
119117568
119118009
119119110
119120186
119120283
119120356
119120577
119120844
119120852
119123304
119123878
11912596X
119126575
119126796
119127180
119127431
119127733
119129329
119129744
119131285
119131382
119132281
119132680
119132869
119133407
119133431
119133547
119133733
119133911
119136872
119137038
11913781X
119138913
119139952
119140004
11914073X
119144581
119144670
11914543X
119145529
11914560X
119147106
119147114
119148331
119148633
119149605
11915014X
119150301
119150697
119151030
119152304
119152576
119152711
119152800
119153017
119153262
119154048
119154447
119155656
119155818
119156075
119156083
119156164
119156466
11915806X
119158086
119158302
119159155
119159996
119160048
119160358
119160579
119160722
119161664
119161699
119161974
119162199
119162539
119163454
11916387X
119163918
119164035
119164043
119164051
119164086
119164639
119165120
119165198
119165457
119166127
119166224
11916681X
119167549
119167972
119170078
11917099X
119174049
119174472
119175606
119175711
119177870
119178737
119178818
119179547
119180413
119180510
119180839
119181304
119181797
119181991
119182238
11918236X
119183315
119183501
119184869
119186322
11918639X
119186640
119187795
119187973
119188651
119189313
119189747
119189917
119192330
11919354X
119193612
119193701
119194570
119195496
119195836
119196190
119197960
119198606
119200090
11920178X
119202662
119202751
11920276X
119203553
119204940
119205173
119206501
119207206
119207834
119208458
119209136
119209209
119209349
119209705
119209721
119210223
119210576
119210916
119211807
119212722
119212935
11921315X
119213656
119214229
119215152
119215683
119216841
119217007
119218976
119219093
119219190
119220857
119221187
119221195
119223546
119224194
119225190
11922562X
11922593X
119227738
119228025
119228467
11923002X
119232502
119233835
119234149
119234300
119234521
119237466
119237962
11923873X
119239353
119239361
119240823
119242559
119242575
119243148
119243628
119244330
119244616
119247216
119248727
119249111
11924974X
119252910
119253348
119255146
119255235
119255324
119256096
119257408
119258056
119258560
119258862
119259168
119259745
119261073
119262401
119263297
119263440
119263653
119264536
119264935
119265052
119265125
119265737
119266407
119268582
119270196
119270587
119271559
119272237
119273853
119274663
119275090
119275287
119275295
119275392
119277107
119278308
119279347
119279452
119282585
11928393X
119284324
119286017
119288575
119288818
11928930X
119291029
119291320
11929138X
119291525
119291754
11929656X
119296896
119297345
119297582
119298406
119298600
119299488
119300435
119300877
119302616
119303132
119303361
119303590
119303736
119304902
119304910
119305429
119306476
119307839
119309378
119310600
119312247
119312611
119312638
119314061
119315378
119315629
11931603X
119317141
11931715X
119317826
119319071
119320525
119321564
119322447
119322897
119322994
119324261
119325284
119327538
119328267
119329751
119330385
11933075X
119331136
119331438
119331802
11933237X
119333465
11933397X
119334089
119336685
119337975
119338556
119338890
119339307
119339714
119340569
119340941
119342790
119343088
119343169
119343207
119343738
11934419X
119345692
119346311
119346540
119347725
119348365
119351064
119351641
119352435
119352540
11935263X
119354438
119355639
119355841
119357437
119357798
119358611
119360640
119360659
119362112
11936283X
11936509X
119365103
119365146
119365286
119366304
11936803X
119368048
119368099
119368579
119368617
119368765
119369168
119370719
119371448
119371669
119371758
11937191X
119371944
119372320
119375648
119375702
119375710
119376474
119376539
119376652
119377152
119377446
119377829
119378671
119379406
119379651
119380269
119382091
119384922
119387018
119387123
119387425
119388472
119388987
119389533
119389797
119391899
11939314X
119393298
119393646
119394286
119394960
119395754
119395835
119396289
119396831
119400448
119401177
119402386
119403137
119405040
119405105
119405334
119408406
119408643
119408678
119408953
119409275
119409356
119409704
119410680
119411954
119411962
119413280
119420015
119421259
11942293X
119423464
119423863
119424568
119424584
119425084
119425262
119425378
119427621
119427702
11942911X
119429292
119429829
119430282
119430665
119431297
119431351
119432668
119433168
119433796
119436531
119436574
119437929
119437937
119438607
11943881X
119439247
11944027X
119442701
119443295
119443511
119443759
11944397X
119444623
119446383
119446715
119446901
119447630
119449072
119450399
119451328
119451670
119452480
119453223
119453800
119454270
119454866
119455501
11945551X
119455668
119455722
119455803
119456230
119456575
119456664
119462214
119465051
119465302
119465388
119466945
119468824
119469081
119470233
119470764
119471701
119472805
119473623
11947364X
119473666
119473704
119473755
119474492
119474735
119475146
119477807
119477912
119478196
119480700
119486792
119486903
11948711X
119488094
119489279
119489333
119489465
119489635
119489872
119490005
119490633
11949096X
11949177X
11949213X
119492326
119495279
119495333
119496143
119496356
119496690
119497875
119498235
119498308
119499584
119501201
119501449
119501600
119501694
119502879
119504979
119505754
119506378
119507234
119508192
119510618
119512718
119512858
119513366
11951351X
119513536
119515865
11951754X
119517914
119518279
119519844
119519984
119520303
119520702
119520737
119521091
119521318
119522152
11952239X
119522489
119522497
119522845
119522934
119522977
119523876
119523884
119524805
119524872
119525534
119526247
119526743
119527995
119529009
119530228
119531720
119532522
119535149
119535866
119535890
119535939
11953634X
119536404
119536455
11953763X
119538385
119539330
119539438
119539861
119540355
119540363
119540479
11954153X
119541904
119543338
119543559
119545063
119546027
119546159
11954637X
119547759
119547767
119547937
11954864X
119549263
11954993X
119551853
119552116
119552418
119553619
119554518
119555352
119555883
119556235
1195567073
11955786X
119558246
119559358
119560038
119560119
119634236
1197266887
119810301
1198880341
120007754
12001825X
120054256
1200551184
120062550
120067331
120080788
120085739
12009150X
120092859
120097249
120100045
120102374
1201047412
120121034
120126303
120131080
120138980
120146568
120151979
120158612
120170256
120170906
120173689
120180502
120232278
120253801
1203131860
12034193X
120360446
120367246
120379228
120394367
120401002
120403099
120406721
12042729X
12043007X
120431645
120431998
12043587X
120486520
120491001
120493039
120495635
120513994
120526107
120533537
120539977
1205481907
120549816
120550547
120552256
120570785
120587289
120593076
120621659X
1206255595
120626470
120648547
120651602
120651653
120659328
120670496
120679981
120688190
1206894725
1206905557
12070529X
120730359
120739496
120740206
120788497
120790009
12081997X
120826402
120828014
120828863
120845628
120852551
120877279
120881225
120882809
120888807
120890143
12089081X
120917858
120921596
120937050
120938456
120944332
12095110X
120960567
120965631
12097729X
120983761
120997894
121007405
121022463
12103223X
121032302
121035298
121043339
121065847
121074021
121082326
121083004
121087840
121092607
1210933004
121094642
121111792
121114341
121120368
121136349X
12114657X
121148114
121150232
121172422
121173143
121184854
121185737
12121737X
121218686
121234630
121268705
121283496
121292290
121302547
121302628
121309363
121312127
1213948-8
121406806
121409406
121412172
121425983
121444600
121463648
121505863
1215062672
121520102
121520684
121584097
121585204
121585379
121585441
121585484
121588955
12160098X
12160747X
121609839
121613801
121619265
121620603
121621197
121628159
12162840X
121628957
121629058
1216363-6
121638294
121654710
121656497
1216658129
1216661561
121673383
121673677
121693538
1216949948
121699080
1217006974
121701875
121708403
121711544
121714306
121720691
121720705
121734013
121734307
121738051
121780988
121783782
121803-7
121822036
121822397
121830411
121830748
121860981
121911322
121923266
121928322
121938271
121955184
12195935X
121973670
1219871230
121988015
121995739
121996212
122000161
122000188
122005961
122017609
122021002
122023854
122031512
122035143
122044401
122044436
122062299
12206416X
122085248
122099052
1221194496
12212233X
122123-1
122127838
12213124X
122135407
1221377701
122140141
122144651
122154878
1221673874
122178106
122183576
122204050
122271122
1222748649
122275578
122297008
1223028135
1223028194
1223028232
122322827
12232868X
122328884
122329007
1223378284
1223410358
122343808
1223465357
122354672
122394844
122400119
122410580
122414993
122418972
122428595
122441397
122457919
1224610-4
12246673X
122467426
122487680
122497473
122519-4
122522214
1225372-8
1225401305
122556593
1225882-9
122588878
122623223
122676564
122683242
12269886X
122719417
122754840
122760662
122766466
122771869
12277275X
122781767
122796578
122825705
12284890X
122854004
122854225
122872436
122897005
122899830
122920236
1229266-7
122927060
122929438
122954181
122958748
122990390
122995244
122995643
122997719
123005132
123009448
123019907
123050898
123059895
123078369
123084911
123094372
123112486
123113679
123113695
123123623
123136032
123154405
1231629-5
12316365X
123163897
123165474
12317662X
123186331
123186374
123204992
123215404
1232353663
12324658X
123304717
123316715
123328640
123354412
123354544
123362547
123376513
123376718
1233790595
123397472
123400171
123431891
123437156
123446864
123473349
123485789
123488745
123504457
123506867
123541476
123543061
123555884
123563445
123572665
123573637
123602262
123628342
123640849
1236687-0
123687500
123723973
123724112
123725534
123728967
123738652
123749328
123757525
1237698243
12385234X
123852374
123874130
12388165X
12389364X
123896843
123900409
123942039
12396668X
123967791
123973724
123989175
123991420
12399621X
12401013X
12401187X
124013457
124020216
124020275
124022332
124032532
124043151
1240495854
124056741
124059600
124072542
124081088
124087779
124091350
124095739
12409595X
124096727
1241120471
1241120765
124115128
12413307X
124137539
124177204
124198325
124216072
124254780
1242559582
1242669167
124270123
124290035
124293859
124308260
124315445
124325939
124327516
124331750
1243323-8
124334202
12435808X
124389716
124397549
124399436
124406076
124411444
124419798
1244303348
124430597
124478271
124496830
12450289X
124532500
124533434
124537340
12453872X
124538797
124539394
124539440
124539807
1245403079
124546307
124552668
1245652664
124566995
124573843
1245890107
124595167X
1245955640
12460272X
124607675
1246106507
124613284
124618154
124619061
124620140
124623883
124629865
124632424
124649599
124662609
124662684
12467089X
124674763
124677045
124694195
124695884
124698158
124700470
124737595
124743242
124757898
124761127
12477069X
124777533X
124794777
124814-5
124822061
12482658X
124849164
124852785
124854311
124855008
124871909
124882390
12488590X
12488900X
124893449
124895387
124897843
124912451
124914594
124917100
124933882
124950418
124951163
124952062
124960901
124982816
124988628
124989012
124995942
125001592
125037201
125230-6
125473421X
125538081
125636-1
125894279
126006296
126034141
12611658X
126185808
126206023
126218048
126226393
126254907
126297223
126393001
126421765
126442193
126475814
126608776
126617961
126723222
126736065
126784167
126853517
126857121
126878943
1268828416
12690216X
1269841343
127042598
127086226
127104674
127137564
127200924
1272791386
127299084
127313516
127364803
127388303
12742282X
127449795
127469206
127541969
127577246
127600906
127698000
127734589
127743383
127783083
127804048
127806962
127883878
127893261
1279016833
127935029
128025263
128090464
128190043
128273127
128275995
128307153
128371471
128372850
12838302X
128394102
128405163
128409126
128423579
128427043
12844732X
128447605
128469536
128469552
12847095X
12847100X
128471298
128471883
128472324
128476850
128500832
12851891X
128518960
128529911
128559330
128577436
12859988X
128607394
128615141
128624280
128627964
12862910X
128637781
128643676
128646535
128654457
128662158
128683082
128688718
128701366
128702532
128703350
128703385
128703393
12870814X
128718706
128730609
12873809X
128740698
128746734
128747080
128747099
128768037
128768622
128812516
128813938
128814020
128824255
128824468
128824506
128824557
128824581
128826045
128826487
128836466
128858915
128863676
128865016
128877111
128881534
12889010X
128915714
128931930
128955813
128960388
128960981
128987308
129014788
12906016X
129074020
12907683X
129078786
129087505
129108103
129121037
129128422
129157422
129169374
129242756
12924581X
129277622
129281050
129287423
129298697
129315486
129360252
129385174
129397253
129461288
129478792
129529044
129541486
129585645
129656291
129682586
129692336
129709913
129710008
129710024
129710059
129710075
129710083
12971027X
129710288
129710350
129729183
129730564
12973165X
129732419
129741094
129744794
129744808
129744816
129812277
129815071
129815098
129815152
129815594
129817929
129838233
129847992
129884251
12989432X
129952656
129954233
129954241
129954292
129954306
129962643
12999295X
1300498455
130065188
13008512X
130103160
130103659
130112410
1301358-0
130149144
13016481X
130167991
130183733
130208612
130212040
130212121
130215651
130217549
130225126
130234052
130237655
130241075
130247596
130272000
130286532
130296848
130324841
130330728
130361267
130361321
130383090
130411973
130423017
130434833
130477486
130514543
130529-3
130564206
130615595
130650234
130657875
130662593
130816892
130822270X
130824569
130841102
130857211
131361376
131377574
13140430X
131420380
131435663
13146034X
131526103
1315440105
131601598
131605119
131622161
131650610
131672282
131684388
131716263
13172469X
131813579
131830201
131830236
131830252
131830325
131830392
131830414
131830457
131830503
131830538
131830562
131830597
13183066X
131832271
13183407X
131834096
131834118
131834142
131834150
131834185
131834207
131834215
131834231
131834258
131834266
131834312
131834517
131834630
131834665
13183472X
131836137
131836501
131836749
131836765
131836773
13183679X
131836811
131836854
131836862
131839349
131839497
131839535
131850334
131902873
131924133
131930052
1319449638
131974033
13198831X
132020769
132058049
132059673
132061821
132061902
13206197X
132062089
132071738
132071916
13208483X
132138298
132145901
132159503
132165694
132171643
132173409
132179687
132217694
132234297
132235080
132256924
132277255
132310619
132323508
132325551
13232556X
132325586
132352087
132358352
132366126
132376040
132382970
132414724
132424983
132442035
132484838
132484943
132493446
13249499X
132520354
132523280
132545888
13255318X
132590654
132723778
132728419
132765683
132796880
132849356
132858444
132869837
132905000
132918099
132928736
132928779
132946769
132953129
132955008
132958422
132982242
133000923
13300872X
133023923
13310222X
133113353
133125033
133141659
133183882
133262871
133323706
13339395X
133445615
133455874
133456080
133461165
13347190X
133486109
133514935
133522490
133538672
133551547
133569152
133610012
133633802
133681637
133691403
133695751
133700763
133704009
133706931
133707733
133707873
133709086
133731359
13374339X
133754960
133806154
133817199
133884104
133934748
133946207
133952797
134074637
134116305
13431672X
134340973
134394453
134410157
134411978
134456548
134535383
134618157
134624165
134752317
134816242
134836448
135005078
135008220
135153530
135450802
135552508
135566789
135572533
135589649
135662486
13570491X
135706599
135747139
135752140
135829437
135829461
135834473
135890225
135906075
13590708X
135924499
135938929
135960886
135974445
135979463
136028683
136033938
136044573
136071805
136071856
136108814
1361290587
136133592
136135382
136140904
136164145
136177204
13619821X
13619964X
136214142
136220525
136233325
136245536
136263089
136300669
136318703
136332102
13634934X
136349706
136379591
136533833
13653435X
136584101
136611389
136621864
136622488
136734626
136776140
136784054
1368940757
136929834
13693076X
136953247
13703492X
137088531
137097816
137108591
137223846
137247958
137259670
137298633
137302851
137325762
137333366
137342004
137411618
137420064
13742986X
13748318X
137493436
137514220
137524919
137543662
137572832
137591942
137655649
137669348
137755767
137780192
137808585
137819390
137826141
137838638
13785949X
137893256
137954239
138037213
138141-6
138170304
138219710
138219885
138230838
138242925
13827861X
138305277
138334501
138353441
138387656
138395101
138433917
138567158
138570809
138596204
138724792
138728194
138836914
138846472
139000100
139107134
139110585
139119906
139142460
13920508X
139216723
139229035
13931315X
139313400
139313516
139313524
139313532
139334661
139335390
139378693
139379355
139379444
139379487
139426973
13944582X
139446001
139478299
139479732
139503595
139544046
139548823
139565612
139578757
139626956
139631569
13965853X
13966517X
139665862
139711988
139752234
139800611
139807934
13982832X
139845623
139905634
139916156
139954694
139959335
140011293
140026533
140062378
140063781
140103066
14011646X
140176497
140194231
14023361X
140282734
140286551
14040161X
140531629
140565310
140581006
140654887
140744088
140821341
140912916
140933727
140953531
140999957
141017252
141027711
141084324
141085649
141137061
141186348
141194367
141222360
141307757
141375337
141381051
141383542
141384441
141536683
141576480
141619260
141619465
141742585
141844809
141938846
141976543
142004065
14200412X
142004146
142062111
14207442X
142155322
14215749X
142215171
142335169
142373672
142435430
142489697
142606227
142704865
142840319
14292198X
14303099X
143031767
143032089
143033328
143099914
143272438
143468529
143656139
143688502
143688510
143688529
143766147
143824511
143929461
1500062-X
16037530-7
16044359-3
16048164-8
16051016-8
16129258-6
16172375-5
16176096-X
171931513
172168686
17223672X
172405947
172437091
173146260
173161251
173293026
173321151
173322948
173716555
17382532X
174163665
174292066
174304811
17896-2
18745-8
189409231
189412399
189415835
189453796
189468629
189482222
18956024X
19715-4
19997-7
2000891-0
2001408-9
2002200-1
2002612-2
2003673-5
2003805-7
2004604-2
2005000-8
2005482-8
2005521-3
2007744-0
2008177-7
2010810-2
2011488-6
2012525-2
2015836-1
2015908-0
2016776-3
2020450-4
2020588-0
2020893-5
2022696-2
2023655-4
2024680-8
2024856-8
2026779-4
2028044-0
2028884-0
2030321-X
2031351-2
20328485
2035952-4
2036169-5
2045143-X
2051165-6
2065776-6
2068538-5
2070980-8
2071303-4
2081967-5
2085346-4
2091149-X
2091955-4
2103032-7
2105508-7
2113335-9
2119383-6
2126462-4
2126828-9
2127033-8
213283-7
2134026-2
2155233-2
25100-8
252930-0
25585-3
25993-7
300755-8
3020410-0
3020499-9
3023714-2
3025403-6
3046268-X
31606-4
35210-X
35254-8
35523-9
35525-2
35626-8
35853-8
35859-9
35862-9
35863-0
36200-1
36343-1
37101-4
37385-0
37440-4
37455-6
37558-5
38136-6
38417-3
38921-3
39708-8
400417-6
40421-4
4053219-7
4058252-8
40582-6
42342-7
42732-9
4351303-7
43583-1
4563018-5
4751879-0
5004331-6
5008634-0
5010116-X
5034479-1
5034480-8
5041639-X
504859-X
5056474-2
5058957-X
5065326-X
506566-5
5073685-1
5074144-5
5083877-5
5084930-X
5099699-X
5116018-3
5116268-4
5117495-9
5118147-2
5119223-8
5121366-7
5122065-9
5164001-6
5164002-8
5164875-1
5164877-5
5176099-X
5178635-7
5191046-9
5191471-2
5205468-8
5207313-0
5248586-9
5262752-4
5268072-1
5318140-2
5318710-6
5319809-8
5330888-8
5332224-1
5332732-9
5336124-6
5350738-1
5508697-4
5520765-0
55587-3
600580-9
601471-9
6021389-9
6049965-5
6101284-1
6140007-5
63304-5
63605-8
64766-4
65191-6
65648-3
65868-6
65951-4
667264-4
7677476-4
806578-0
809501-2
814693-7
83296-0
83347-2
83360-5
84373-8
940770946
9668-4
9729-9
116037865
116701218
116860146
118509322
118610023
118670913
118690965
125100573X
100001718
10016806X
100625320
101057903
101365632
10163065-7
101937523X
1020108657
10201973-3
102199191
10223244X
102427798
1024427935
1032094982
1033191655
103805850
104258810
104318724
104331860
104345616
1044003480
1046078623
1051767288
1073444082
1073472620
1073961850
107444135
1080564616
1088567398
1097760065
110562399
1133023975
113358733
1144508517
1152216147
115359885
115489116X
1157505996
116032553
116040505
116054670
116083441
116117893
11613481X
116159421
116170360
116182776
116210680
116210974
11622620X
116260645
116283734
116322160
116368853
116400323
116425156
116427620
116428473
116449926
116455721
116531185
116539542
11654127X
116559810
116597712
116598883
116607157
116624043
116631457
116707801
116715154
116717262
116749253
116755792
116783575
116808446
116843217
116855908
116868996
116881011
116881054
116905859
116930535
116952431
116953829
116961694
11696345X
116972130
11697673X
117003077
1170169104
117026549
117045519
117048836
117066478
11707621X
117089567
117095516
117104507
11711684X
117116882
117145173
117155144
11723589X
117261386
117264237
117285730
11729781X
117303259
117317691
117326097
117333905
117346748
117388483
117428965
117432474
117467588
117471984
117477850
11749304X
117506621
117588431
117604461
117735345
117736996
117738131
117741825
117743674
11774946X
1179799569
118504118
118504177
118504185
11850553X
118508288
118514253
118515055
118517775
118518208
118519352
118520539
118529390
118532154
11853811X
118540238
118542192
118542699
118546643
118547445
118548018
118550772
118561545
118561936
118573489
118573527
118574469
1185778624
118580736
118580779
118581945
118583107
118584375
118591177
118597779
118601644
118603817
118607626
118607987
118608355
118610961
11861164X
118611666
118614746
118616366
118616374
118626523
118629662
118638904
118648268
118655191
118660764
118674501
118676423
118677667
118683578
118687301
118695959
118701363
118702955
118703668
118706640
118709143
11872469X
118725343
1187291226
118750178
11875081X
118767755
11877137X
118773623
118773852
118776223
118780026
11878210X
118782843
118784714
118785028
118786431
118786482
118797999
118798952
118804375
118804952
118816578
118839853
118886576
118900897
118903861
118939440
118982052
119010003
119020742
119056569
119057077
119065290
119081075
119133911
119144573
119150301
11917099X
119211653
119216132
119233428
119345684
119345692
119360659
119404532
11940818X
11941077X
119455668
119501694
1196234558
120158612
1207326925
12081997X
1211233529
123594197
124020313
124111971
127836675
129261270
12945351X
12989432X
130661570
130818267
131152513
132271680
132289105
132305097
132796406
133231925
133744876
133853276
135535964
13606244X
137858809
139011064
139103619
139400796
139584064
139642129
139744355
139922741
140416714
143606794
2092054-4
4351303-7
5165770-3
5204446-4
5209917-9
5330993-5
64766-4
